District,School,Category,Issue Theme,Unique User Count,Total Feedbacks,True Complaint Count,Complaints
NANDYAL,"Dr. B. R. Ambedkar Gurukulam,LAXMAPURAM",DRINKING_WATER_RATING,Water facility issues,227,281,7 (3% of feedbacks),No facility drink water ; Water problem ; It would be better if the drinking water facility was better. ; No ro plant for drinking water ; It would be better if the drinking water facility was better. ; Water plant ice filter ; No water
Y.S.R.,"Dr. B. R. Ambedkar Gurukulam/JC,CHINNACHOWK",DRINKING_WATER_RATING,Unpurified water provision,57,73,6 (8% of feedbacks),No water fasetelus ; Mineral Water Not Provided ; Worst drinking water was not purified ; Water fesility is not good ; I hate that water ; Need providing mineral water
Y.S.R.,"Dr. B. R. Ambedkar Gurukulam/JC,KAMALAPURAM",DRINKING_WATER_RATING,Lack of mineral water,28,30,5 (17% of feedbacks),"We have mineral water levu ; no kavuna 1 ; no mineral water facility ; When the second Sunday came, my parents got drunk and looked at me. It wasn't good. Water bagalevu Ha ; 1 cup of water 1 Mineral water levu"
ANANTAPUR,"Dr. B. R. Ambedkar Gurukulam,KORRAPADU",EXTRACURRICULAR_RATING,Lack of sports/activities,360,487,4 (1% of feedbacks),"Please provide games for children. ; No Sports,No Activities ; there is no teacher. ; Sports are not good."
SPSR NELLORE,"Dr. B. R. Ambedkar Gurukulam,BUTCHIREDDIPALEM (BCRS)",DRINKING_WATER_RATING,No mineral / bad water,111,143,4 (3% of feedbacks),no minaral water ; Drinking water is not good ; water are not properly having sometimes ; no mineral water
KURNOOL,"Dr. B. R. Ambedkar Gurukulam/JC,KURNOOL",DRINKING_WATER_RATING,"Water problem, no RO plant",225,283,3 (1% of feedbacks),"Water problem ; Drinking water is not good, so install an RO plant in the school. ; Water is not available properly."
TIRUPATI,"Dr. B. R. Ambedkar Gurukulam/JC,DAKKILI",TEACHER_COMMUNICATION_RATING,Teacher/staff shortage/words,225,341,3 (1% of feedbacks),Teachers is not working and staff chala thakuvani thelisindhi.konni subjects ki assalu Teachers leru antaa ; english dol ga vundhi
PRAKASAM,"Dr. B. R. Ambedkar Gurukulam/JC,DUPADU",CARETAKER_SATISFACTION,"Poor hygiene, animal issues",63,71,2 (3% of feedbacks),Neatenes ledu pellalaki and monkeys problem ; Health carring ledu
ANANTAPUR,"Dr. B. R. Ambedkar Gurukulam/JC,BRAHMASAMUDRAM (DPIP)",EXTRACURRICULAR_RATING,Lack of parent communication,81,96,2 (2% of feedbacks),Parents' meetings are not being held every month. ; We have not received any information about the amount of money we have spent.
NANDYAL,"Dr. B. R. Ambedkar Gurukulam/JC,JUPADU BANG",SAFETY_MEASURES_RATING,"Unsafe, unclean dormitory",64,76,2 (3% of feedbacks),So many times crack my child luggage box ; darmetery is not safe and not clean
ANANTAPUR,"Dr. B. R. Ambedkar Gurukulam,KORRAPADU",DIET_MENU_RATING,Unappetizing/Bad Food,361,488,2 (0% of feedbacks),",food bagaledhu ; Pulihara Upma is not good, everything else is good."
KURNOOL,"Dr. B. R. Ambedkar Gurukulam/JC,ADHONI",DRINKING_WATER_RATING,No Water Facility,51,57,2 (4% of feedbacks),No water in toilets ; We are giving a rating of 1 because there is no proper facility in your village among the schools.
ELURU,"Dr. B. R. Ambedkar Gurukulam/JC,DWARAKA TIRUMALA",DRINKING_WATER_RATING,Improper/muddy drinking water,295,335,2 (1% of feedbacks),Hostel lo water sarigga levu ani ma ammayi maku cheppindi ; There is no proper water. Muddy water we are drinking.
PRAKASAM,"Dr. B. R. Ambedkar Gurukulam,KONDEPI",DRINKING_WATER_RATING,Water problem,82,95,2 (2% of feedbacks),Water n ; Water problem
PRAKASAM,"Dr. B. R. Ambedkar Gurukulam/JC,CHIMAKURTHY",EXTRACURRICULAR_RATING,Insufficient sports time,263,308,2 (1% of feedbacks),There are focusing much time in studies small amount of time in sports ; Not good at all
TIRUPATI,"Dr. B. R. Ambedkar Gurukulam/JC,DAKKILI",DIET_MENU_RATING,Food taste/consistency issues,227,343,2 (1% of feedbacks),"The food doesn't taste that good. ; Rating: 2 cups of water, add a little bit of sambar water, it's watery."
ANANTAPUR,"Dr. B. R. Ambedkar Gurukulam/JC,GOOTY (DPIP)",EXTRACURRICULAR_RATING,PET Teachers not working,249,303,2 (1% of feedbacks),PET Teachers Not Working ; children's not games
Y.S.R.,"Dr. B. R. Ambedkar Gurukulam/JC,MADAKALAVARIPALLI AT TGP CAMP BADDVEL",DRINKING_WATER_RATING,No drinking water,28,44,2 (5% of feedbacks),There is no drinking water there at all. ; Upper nerve Water problem
SRI SATHYA SAI,"Dr. B. R. Ambedkar Gurukulam/JC,HINDUPUR (DPIP)",OVERALL_SATISFACTION_RATING,"Poor games, no reason",76,97,2 (2% of feedbacks),Games are poor ; No reason
ANANTAPUR,"Dr. B. R. Ambedkar Gurukulam/JC,KURUGUNTA",EXTRACURRICULAR_RATING,No games/sports,420,546,2 (0% of feedbacks),My Child No Games ; No sports
TIRUPATI,"Dr. B. R. Ambedkar Gurukulam/JC,PUDURU AT NAIDUPET",EXTRACURRICULAR_RATING,Sports development needed,193,241,2 (1% of feedbacks),"It would be good if sports development for children started from 5th grade. ; It is good to provide sports training to children in the younger grades, i.e. from the 5th grade onwards."
CHITTOOR,"Dr. B. R. Ambedkar Gurukulam/JC,KUPPAM (DPIP)",EXTRACURRICULAR_RATING,No activities provided,304,395,2 (1% of feedbacks),anything else ; No provided 2 No provided 2
ANANTAPUR,"Dr. B. R. Ambedkar Gurukulam,THIMMAPUR",DRINKING_WATER_RATING,"Water problem, no filter",217,265,2 (1% of feedbacks),Water problem ; There is no access to proper drinking water. Children are only getting filtered water once a day 😥 ; filter water ledu parents vellinappudu chala ibbandi padutharu
NANDYAL,"Dr. B. R. Ambedkar Gurukulam/JC,ALLAGADDA (RPRP)",DRINKING_WATER_RATING,Shortage of drinking water,92,114,2 (2% of feedbacks),shortage of drinking water ; water problem
TIRUPATI,"Dr. B. R. Ambedkar Gurukulam/JC,CHILLAKUR",DRINKING_WATER_RATING,"Unpurified water, slow repair",246,305,2 (1% of feedbacks),because Drinking water not purifier and any thing damage not immediately repair that's all ; General Water
ANANTAPUR,"Dr. B. R. Ambedkar Gurukulam,THIMMAPUR",TEACHER_COMMUNICATION_RATING,No communication from teachers,218,265,1 (0% of feedbacks),samacharam andlattlesu
ANANTAPUR,"Dr. B. R. Ambedkar Gurukulam,THIMMAPUR",CARETAKER_SATISFACTION,No permanent caretaker,216,262,1 (0% of feedbacks),"There is no permanent caretaker in the school. The current teacher there is working as a caretaker, which is detrimental to the children's..education..system 😥"
WEST GODAVARI,"Dr. B. R. Ambedkar Gurukulam/JC,ARUGOLANU",EXTRACURRICULAR_RATING,Lack of extracurriculars,9,9,1 (11% of feedbacks),Atalu levu only Chaduvu matrame
VISAKHAPATANAM,"Dr. B. R. Ambedkar Gurukulam/JC,MEGADRIGADDA",OVERALL_SATISFACTION_RATING,Poor school maintenance,3,3,1 (33% of feedbacks),Education is good one of the corporate school /college Maintains not good
TIRUPATI,"Dr. B. R. Ambedkar Gurukulam/JC,VAKADU",SAFETY_MEASURES_RATING,Safety concerns expressed,264,309,1 (0% of feedbacks),I'm crying.
NANDYAL,"Dr. B. R. Ambedkar Gurukulam/JC,ALLAGADDA (RPRP)",TEACHER_COMMUNICATION_RATING,No teacher communication,92,114,1 (1% of feedbacks),We don't know if there is any progress in the children. The teachers have not even called to say that this is the situation of your children.
NANDYAL,"Dr. B. R. Ambedkar Gurukulam/JC,ALLAGADDA (RPRP)",PRINCIPAL_SATISFACTION,Principal lacks student knowledge,92,115,1 (1% of feedbacks),The principal does not know the father or mother of the student.
NANDYAL,"Dr. B. R. Ambedkar Gurukulam/JC,ALLAGADDA (RPRP)",CARETAKER_SATISFACTION,Caretaker unresponsive,91,113,1 (1% of feedbacks),"If the caretaker calls at all, there is no reply."
NANDYAL,"Dr. B. R. Ambedkar Gurukulam/JC,KOILAKUNTLA",EXTRACURRICULAR_RATING,No sports/games,88,113,1 (1% of feedbacks),"Sports, games emlev"
KRISHNA,"Dr. B. R. Ambedkar Gurukulam/JC,RUDRAVARAM",DRINKING_WATER_RATING,Only one RO plant,105,113,1 (1% of feedbacks),There is only one R O water plant.
CHITTOOR,"Dr. B. R. Ambedkar Gurukulam/JC,CHITTOOR",DRINKING_WATER_RATING,Issues with water supply,129,164,1 (1% of feedbacks),Water Supply 2
KURNOOL,"Dr. B. R. Ambedkar Gurukulam/JC,C BELGAL",OVERALL_SATISFACTION_RATING,Need for overall improvement,19,26,1 (4% of feedbacks),Many things need to be improved
KURNOOL,"Dr. B. R. Ambedkar Gurukulam/JC,C BELGAL",TEACHER_COMMUNICATION_RATING,Lack of information,19,26,1 (4% of feedbacks),They are not giving information.
KURNOOL,"DR.B.R.AMBEDKAR GURUKULAM,VELDURTHY",DIET_MENU_RATING,Unappetizing food,206,254,1 (0% of feedbacks),It doesn't taste good if you eat it.
TIRUPATI,"Dr. B. R. Ambedkar Gurukulam/JC,SRIKALAHASTI",EXTRACURRICULAR_RATING,Child not playing games,100,128,1 (1% of feedbacks),Our sin does not play games.
EAST GODAVARI,"Dr. B. R. Ambedkar Gurukulam,RAJAHMUNDRY",PRINCIPAL_SATISFACTION,Student dissatisfaction,11,14,1 (7% of feedbacks),she is very hard working but ni student can feel happy ...
EAST GODAVARI,"Dr. B. R. Ambedkar Gurukulam,RAJAHMUNDRY",DIET_MENU_RATING,Menu not followed,11,14,1 (7% of feedbacks),assalu menu prakaram pettaru
NANDYAL,"Dr. B. R. Ambedkar Gurukulam/JC,JUPADU BANG",HEALTHCARE_RATING,Uncleanliness impact health,62,74,1 (1% of feedbacks),Some places are not clean that's why childrens faces some health issues
NANDYAL,"Dr. B. R. Ambedkar Gurukulam,ALLAGADDA",DRINKING_WATER_RATING,Water supply issues,38,45,1 (2% of feedbacks),Water problem
Y.S.R.,"Dr. B. R. Ambedkar Gurukulam/JC,CHINNACHOWK",HEALTHCARE_RATING,Lack of student care,57,72,1 (1% of feedbacks),Worst Not caring for students any kind of situation only blame the students
Y.S.R.,"Dr. B. R. Ambedkar Gurukulam/JC,KONDAPURAM",HEALTHCARE_RATING,Inadequate health support,81,90,1 (1% of feedbacks),my daughter is suffering from throat pain and hiccups there is no person understanding their problems
ELURU,"Dr. B. R. Ambedkar Gurukulam/JC,POLASANIPALLI",HEALTHCARE_RATING,Student unhealthiness/hunger,346,409,1 (0% of feedbacks),"I am not healthy, I am not hungry"
Y.S.R.,"Dr. B. R. Ambedkar Gurukulam/JC,KONDAPURAM",DIET_MENU_RATING,Unpalatable/spicy food,81,91,1 (1% of feedbacks),upma is not perfect night time menu is also not perfect all food items are fully spicy 🔥🥵
SRI SATHYA SAI,"Dr. B. R. Ambedkar Gurukulam/JC,HINDUPUR (DPIP)",HEALTHCARE_RATING,Poor health status,76,98,1 (1% of feedbacks),Health is not good
Y.S.R.,"Dr. B. R. Ambedkar Gurukulam/JC,CHINNACHOWK",CARETAKER_SATISFACTION,Caretaker inconsistency/turnover,59,77,1 (1% of feedbacks),I am not satisfying the caretaker monthly monthly wise change for takers that's why I am not particular person
NANDYAL,"Dr. B. R. Ambedkar Gurukulam/JC,KOILAKUNTLA",DRINKING_WATER_RATING,Poor water facility,87,113,1 (1% of feedbacks),Water facility is poor Filtered water should be installed Drinking water is good ivvali
ANANTAPUR,"Dr. B. R. Ambedkar Gurukulam/JC,KURUGUNTA",TEACHER_COMMUNICATION_RATING,Teacher communication issues,419,548,1 (0% of feedbacks),Subject teacher matho matladatam ledu
TIRUPATI,"Dr. B. R. Ambedkar Gurukulam/JC,SRIKALAHASTI",OVERALL_SATISFACTION_RATING,Annoying experience,100,128,1 (1% of feedbacks),Very annoying.
SRI SATHYA SAI,"Dr. B. R. Ambedkar Gurukulam/JC,HINDUPUR (DPIP)",CARETAKER_SATISFACTION,Caretaker verbal abuse,79,102,1 (1% of feedbacks),I am going to eat the chala sarlu thittaru. Nothing
Y.S.R.,"Dr. B. R. Ambedkar Gurukulam/JC,CHINNACHOWK",EDUCATION_QUALITY_RATING,Lack of education quality,60,77,1 (1% of feedbacks),assale ledhu
ANANTAPUR,"Dr. B. R. Ambedkar Gurukulam/JC,GOOTY (DPIP)",CARETAKER_SATISFACTION,Absent night caretaker,247,302,1 (0% of feedbacks),night time not there in children
SRIKAKULAM,"Dr. B. R. Ambedkar Gurukulam/JC,PATHAPATNAM (DPIP)",DRINKING_WATER_RATING,"Water shortage, hygiene issues",34,51,1 (2% of feedbacks),"Why is it that there has been no water supply for some time now? Children are having a lot of trouble bathing, doing daily chores, and washing clothes. Please ensure that there is no shortage of water and that children do not have to suffer."
ANANTAPUR,"Dr. B. R. Ambedkar Gurukulam,THIMMAPUR",CLEANLINESS_RATING,Unclean school environment,7,7,1 (14% of feedbacks),It's really hard to study at school 😥 ; Parisubratha Sariga Ledu Mariyu Coupund Lopala Chetha Chearam Unnayi
ANANTAPUR,"Dr. B. R. Ambedkar Gurukulam,THIMMAPUR",DIET_MENU_RATING,Dissatisfied with food,218,266,1 (0% of feedbacks),No Iam very disapointed about food diet menu 1
NANDYAL,"Dr. B. R. Ambedkar Gurukulam/JC,KOILAKUNTLA",HEALTHCARE_RATING,No sanitary pads,87,113,1 (1% of feedbacks),sanitary pads are not given
PRAKASAM,"Dr. B. R. Ambedkar Gurukulam/JC,SINGARAYAKONDA",DRINKING_WATER_RATING,Water supply issues,60,74,1 (1% of feedbacks),Water sarigga raavu ; Water bagalevu
CHITTOOR,"Dr. B. R. Ambedkar Gurukulam,G D NELLORE",TEACHER_COMMUNICATION_RATING,Teacher communication dissatisfaction,120,143,1 (1% of feedbacks),not satisfied with the teachers
PRAKASAM,"Dr. B. R. Ambedkar Gurukulam,KONDEPI",CARETAKER_SATISFACTION,Caretaker performance issues,83,96,1 (1% of feedbacks),Some things not upto the mark
ELURU,"Dr. B. R. Ambedkar Gurukulam/JC,DWARAKA TIRUMALA",CARETAKER_SATISFACTION,Lack of caretaker,297,337,1 (0% of feedbacks),No 2 2 there is no care taker
Y.S.R.,"Dr. B. R. Ambedkar Gurukulam/JC,MADAKALAVARIPALLI AT TGP CAMP BADDVEL",HEALTHCARE_RATING,Bad teacher complaints,28,45,1 (2% of feedbacks),Bad teacher hs
KURNOOL,"Dr. B. R. Ambedkar Gurukulam/JC,KURNOOL",SAFETY_MEASURES_RATING,"Security, animal problems",228,282,1 (0% of feedbacks),(snakes & dogs problems) ; Security is not good.
Y.S.R.,"Dr. B. R. Ambedkar Gurukulam/JC,CHINNACHOWK",EXTRACURRICULAR_RATING,Dissatisfied with students,60,77,1 (1% of feedbacks),Not patispaid these student
PRAKASAM,"Dr. B. R. Ambedkar Gurukulam/JC,CHIMAKURTHY",CARETAKER_SATISFACTION,Caretaker not responsive,269,313,1 (0% of feedbacks),", It is not known whether there is a caretaker or not The ones who are there are not answering correctly"
ANNAMAYYA,"Dr. B. R. Ambedkar Gurukulam/JC,MADANAPALLI (DPIP)",DRINKING_WATER_RATING,Water facility shortage,284,336,1 (0% of feedbacks),"There is a shortage of water facilities, please."
BAPATLA,"Dr. B. R. Ambedkar Gurukulam/JC,BAPATLA",EXTRACURRICULAR_RATING,Need sports development,147,176,1 (1% of feedbacks),Sorts Enka development cheyali ground kavali
SPSR NELLORE,"Dr. B. R. Ambedkar Gurukulam/JC,RAPUR",EXTRACURRICULAR_RATING,No PET Master,8,11,1 (9% of feedbacks),No PET Master
NANDYAL,"Dr. B. R. Ambedkar Gurukulam/JC,JUPADU BANG",OVERALL_SATISFACTION_RATING,"Facilities, food, parent waiting",65,75,1 (1% of feedbacks),dormitary maintenance and testy food and drinking water parents waiting place and rooms
KURNOOL,"Dr. B. R. Ambedkar Gurukulam/JC,PATTIKONDA",DRINKING_WATER_RATING,Water filter issues,70,80,1 (1% of feedbacks),"If the water is not clean, install a water filter. Sometimes the filter works, sometimes it doesn't. Children drink water."
KURNOOL,"Dr. B. R. Ambedkar Gurukulam/JC,PATTIKONDA",DIET_MENU_RATING,Uncooked food served,69,79,1 (1% of feedbacks),They are serving uncooked rice.
ELURU,"Dr. B. R. Ambedkar Gurukulam/JC,DWARAKA TIRUMALA",EXTRACURRICULAR_RATING,No sports activities,297,337,1 (0% of feedbacks),there is no sports
ELURU,"Dr. B. R. Ambedkar Gurukulam/JC,DWARAKA TIRUMALA",OVERALL_SATISFACTION_RATING,Not satisfied overall,292,329,1 (0% of feedbacks),we are not satisfied
EAST GODAVARI,"Dr. B. R. Ambedkar Gurukulam Jr. College,KOTTURU (LN PURAM JC)",OVERALL_SATISFACTION_RATING,Bad classroom benches,17,19,1 (5% of feedbacks),because of the classroom benches is very bad
SRI SATHYA SAI,"Dr. B. R. Ambedkar Gurukulam/JC,HINDUPUR (DPIP)",EXTRACURRICULAR_RATING,Unclear Extracurriculars Status,77,99,1 (1% of feedbacks),What's happening?
KURNOOL,"Dr. B. R. Ambedkar Gurukulam/JC,KAMBALAPADU",CARETAKER_SATISFACTION,No caretaker available,283,312,1 (0% of feedbacks),There is no caretaker
PRAKASAM,"Dr. B. R. Ambedkar Gurukulam/JC,CUMBUM",EXTRACURRICULAR_RATING,Lack of sports information,326,388,1 (0% of feedbacks),"So far, sports haven't been mentioned much."
PRAKASAM,"Dr. B. R. Ambedkar Gurukulam/JC,SINGARAYAKONDA",PRINCIPAL_SATISFACTION,"Poor faculty, lack teachers",60,74,1 (1% of feedbacks),No senior IIT faculty in collage teaching farfams poor
CHITTOOR,"Dr. B. R. Ambedkar Gurukulam,POTHALAPATTU",EXTRACURRICULAR_RATING,No sportsmanship,40,48,1 (2% of feedbacks),No sportsmanship
ANANTAPUR,"Dr. B. R. Ambedkar Gurukulam/JC,BRAHMASAMUDRAM (DPIP)",DIET_MENU_RATING,Diet menu not good,81,95,1 (1% of feedbacks),Not very good
ANANTAPUR,"Dr. B. R. Ambedkar Gurukulam,KORRAPADU",PRINCIPAL_SATISFACTION,Completely unsatisfied,364,489,1 (0% of feedbacks),Not satisfied at all
TIRUPATI,"Dr. B. R. Ambedkar Gurukulam/JC,VAKADU",DRINKING_WATER_RATING,No water availability,264,310,1 (0% of feedbacks),No vater
ANANTAPUR,"Dr. B. R. Ambedkar Gurukulam/JC,KURUGUNTA",DIET_MENU_RATING,Unclear Complaint,423,550,1 (0% of feedbacks),Marketing 1 Our rating is 1
TIRUPATI,"Dr. B. R. Ambedkar Gurukulam/JC,CHILLAKUR",EXTRACURRICULAR_RATING,Dissatisfied with Sports,242,297,1 (0% of feedbacks),I will not satisfy.
CHITTOOR,"Dr. B. R. Ambedkar Gurukulam/JC,KUPPAM (DPIP)",HEALTHCARE_RATING,Healthcare Not Provided,304,397,1 (0% of feedbacks),Not provideig
TIRUPATI,"Dr. B. R. Ambedkar Gurukulam/JC,SRIKALAHASTI",TEACHER_COMMUNICATION_RATING,Bad Communication/Satisfaction,97,126,1 (1% of feedbacks),very very bad. No satisfactions
TIRUPATI,"Dr. B. R. Ambedkar Gurukulam/JC,DAKKILI",PRINCIPAL_SATISFACTION,Inexperienced Principal,226,341,1 (0% of feedbacks),",endhukante experience teacher's ithe bagundunu e madam ki emi theliyadam ledhu E madam ante teacher's ki Bayam and respect ledhu ."
TIRUPATI,"Dr. B. R. Ambedkar Gurukulam/JC,PUDURU AT NAIDUPET",SAFETY_MEASURES_RATING,Safety Not Present,186,230,1 (0% of feedbacks),kanchi ledhu
NTR,Dr. B. R. Ambedkar Gurukulam School Muppalla,EXTRACURRICULAR_RATING,No Participation,30,35,1 (3% of feedbacks),N0 1 Not participating
TIRUPATI,"Dr. B. R. Ambedkar Gurukulam/JC,VAKADU",CARETAKER_SATISFACTION,No Caretaker Present,263,308,1 (0% of feedbacks),No care ticker ; No care
NANDYAL,"Dr. B. R. Ambedkar Gurukulam,LAXMAPURAM",PRINCIPAL_SATISFACTION,Very Unhappy,225,278,1 (0% of feedbacks),Very disappointed
KURNOOL,"Dr. B. R. Ambedkar Gurukulam/JC,ADHONI",EDUCATION_QUALITY_RATING,English Study Low,51,57,1 (2% of feedbacks),Only 2% of students study English.
ANNAMAYYA,"Dr. B. R. Ambedkar Gurukulam/JC,KODURU",DRINKING_WATER_RATING,No Mineral Water/Plant,28,32,1 (3% of feedbacks),There is no mineral water is provided to children to drink ; No water plant
KURNOOL,"Dr. B. R. Ambedkar Gurukulam Jr. College,CHINNATEKURU ( JR COL)",SAFETY_MEASURES_RATING,Inexperienced Teachers Needed,72,83,1 (1% of feedbacks),"It would be good if experienced teachers were sent to NIT, NEET. Colleges"
NTR,Dr. B. R. Ambedkar Gurukulam School Muppalla,DIET_MENU_RATING,Food Hygiene Issues,29,34,1 (3% of feedbacks),sometimes in rice they see some insects and some other kind of problems facing
KURNOOL,"Dr. B. R. Ambedkar Gurukulam Jr. College,CHINNATEKURU ( JR COL)",TEACHER_COMMUNICATION_RATING,Lack of lecturers,71,82,1 (1% of feedbacks),Lack of lecturers for four months after the college opened
SRI SATHYA SAI,"Dr. B. R. Ambedkar Gurukulam/JC,MALUGURU",CARETAKER_SATISFACTION,Lack of chefs,39,46,1 (2% of feedbacks),Very dissatisfied because lack of chefs
TIRUPATI,"Dr. B. R. Ambedkar Gurukulam/JC,DAKKILI",OVERALL_SATISFACTION_RATING,Cleaning issues,223,339,1 (0% of feedbacks),"Cleaning is not clean, it is laziness."
Y.S.R.,"Dr. B. R. Ambedkar Gurukulam/JC,KAMALAPURAM",DIET_MENU_RATING,Food taste not good,27,29,1 (3% of feedbacks),The taste is not good.
PALNADU,"Dr. B. R. Ambedkar Gurukulam/JC,V P SOUTH (Macherla)",EXTRACURRICULAR_RATING,Insufficient sports staff,26,32,1 (3% of feedbacks),"There should be two PETs in schools, but there is only one, so there is no proper sports spirit. There are not enough full stops for children in schools, so even the one PET that exists is not able to provide sports because they are studying."
KURNOOL,"Dr. B. R. Ambedkar Gurukulam Jr. College,CHINNATEKURU ( JR COL)",EDUCATION_QUALITY_RATING,Improper class management,75,84,1 (1% of feedbacks),Not. Satishfied. because of class are not. Properly
KRISHNA,"Dr. B. R. Ambedkar Gurukulam/JC,RUDRAVARAM",CARETAKER_SATISFACTION,No caretaker,99,105,1 (1% of feedbacks),No caretaker.
KURNOOL,"Dr. B. R. Ambedkar Gurukulam Jr. College,CHINNATEKURU ( JR COL)",CLEANLINESS_RATING,Dirty bathroom,7,7,1 (14% of feedbacks),The bathroom is dirty.
KURNOOL,"Dr. B. R. Ambedkar Gurukulam Jr. College,CHINNATEKURU ( JR COL)",OVERALL_SATISFACTION_RATING,Inferior benefits compared,74,86,1 (1% of feedbacks),Compare this to the benefits provided by BC Welfare and you will understand how far behind we are.
TIRUPATI,"Dr. B. R. Ambedkar Gurukulam/JC,SATHIVEDU (DPIP)",DIET_MENU_RATING,Very disappointed,198,231,1 (0% of feedbacks),Very disappoint
PALNADU,"Dr. B. R. Ambedkar Gurukulam/JC,V P SOUTH (Macherla)",DRINKING_WATER_RATING,Bore water concerns,24,29,1 (3% of feedbacks),Because boar water
PRAKASAM,"Dr. B. R. Ambedkar Gurukulam/JC,SINGARAYAKONDA",EXTRACURRICULAR_RATING,No extracurricular activities,61,74,1 (1% of feedbacks),1 Because they don't do the extracurricular activities
ANANTAPUR,"Dr. B. R. Ambedkar Gurukulam/JC,KURUGUNTA",DRINKING_WATER_RATING,Drinking water unavailable,423,551,1 (0% of feedbacks),Drink ing Water not available surrounding places
ELURU,"Dr. B. R. Ambedkar Gurukulam/JC,DWARAKA TIRUMALA",HEALTHCARE_RATING,Poor government tablet,297,337,1 (0% of feedbacks),Government tablet too bad
ELURU,"Dr. B. R. Ambedkar Gurukulam/JC,DWARAKA TIRUMALA",DIET_MENU_RATING,Improper cooking,298,338,1 (0% of feedbacks),There is no proper cooking
ELURU,"Dr. B. R. Ambedkar Gurukulam/JC,DWARAKA TIRUMALA",SAFETY_MEASURES_RATING,Excessive strictness,295,334,1 (0% of feedbacks),it is more than jail
TIRUPATI,"Dr. B. R. Ambedkar Gurukulam/JC,PUDURU AT NAIDUPET",DIET_MENU_RATING,Unappetizing food,189,233,1 (0% of feedbacks),Wednesday Bency Matram Petttadhu Yebidda Kuda Thinadhu 2 Okay
NANDYAL,"Dr. B. R. Ambedkar Gurukulam/JC,PEAPALLY",DRINKING_WATER_RATING,"Water accessibility, poor cleanliness, staff behavior",45,57,1 (2% of feedbacks),"Children have to stand in queues for water at 4 am. The cleanliness in the canteen is very poor If cleanliness is followed, children will be very healthy. Adults and teachers can notice this And our small request The behavior of the watchmen and attendants working at the gate is very unsatisfactory. They have no respect for parents."
NANDYAL,"Dr. B. R. Ambedkar Gurukulam/JC,PEAPALLY",OVERALL_SATISFACTION_RATING,"Unhygienic, unsafe bathrooms with snakes",44,56,1 (2% of feedbacks),"The bathrooms, which are a bit better, especially the girls' bathrooms, smell a lot and the environment is scary with snakes roaming around, so the kids can focus on them."
NANDYAL,"Dr. B. R. Ambedkar Gurukulam/JC,PEAPALLY",EXTRACURRICULAR_RATING,"No sports, extracurricular activities",46,58,1 (2% of feedbacks),"There is no sports competition for children and no awareness is being created about it. Please, especially from class 6 to 8, we have never seen children playing sports. They have not participated in any competitions. We also doubt whether there are any sports related activities in the school."
Y.S.R.,"DR.B.R.AMBEDKAR GURUKULAM SCHOOL/JR.COLLEGE FOR GIRLS, RAJUPALEM AT VELLALA,YSR.DISTRICT.",DIET_MENU_RATING,Food quality issues,24,32,1 (3% of feedbacks),The food is not good. The food is not good.
PRAKASAM,"Dr. B. R. Ambedkar Gurukulam/JC,SINGARAYAKONDA",DIET_MENU_RATING,"Rice undercooked, machine issues",61,75,1 (1% of feedbacks),Machines vachaka sarigga cheyadam ledhu rice udakadam ledhu
CHITTOOR,"Dr. B. R. Ambedkar Gurukulam,G D NELLORE",CARETAKER_SATISFACTION,Students dull in studies,123,148,1 (1% of feedbacks),it's ok .but students are still dull in studies
SPSR NELLORE,"Dr. B. R. Ambedkar Gurukulam,BUTCHIREDDIPALEM (BCRS)",EXTRACURRICULAR_RATING,No PET class,109,137,1 (1% of feedbacks),no pet class
ANANTAPUR,"Dr. B. R. Ambedkar Gurukulam,KORRAPADU",CARETAKER_SATISFACTION,Lack of education support,363,488,1 (0% of feedbacks),Not education
CHITTOOR,"Dr. B. R. Ambedkar Gurukulam,G D NELLORE",CLEANLINESS_RATING,Cleanliness not good,6,6,1 (17% of feedbacks),cleanliness is not good
BAPATLA,"Dr. B. R. Ambedkar Gurukulam/JC,YEDDANAPUDI",DRINKING_WATER_RATING,Water quality issues,13,20,1 (5% of feedbacks),Water is not good
BAPATLA,"Dr. B. R. Ambedkar Gurukulam/JC,NORTH ADDANKI AT ADDANKI",DIET_MENU_RATING,Food not tasty,7,7,1 (14% of feedbacks),2 4 and half only because that is not testy
PRAKASAM,"Dr. B. R. Ambedkar Gurukulam/JC,CUMBUM",DIET_MENU_RATING,Diet not according to menu,327,389,1 (0% of feedbacks),Not according to menu
NANDYAL,"Dr. B. R. Ambedkar Gurukulam/JC,PEAPALLY",DIET_MENU_RATING,Food/snacks not good,46,58,1 (2% of feedbacks),"The food is not really good, especially the rice and snacks."
PRAKASAM,"Dr. B. R. Ambedkar Gurukulam/JC,SINGARAYAKONDA",HEALTHCARE_RATING,Children not cared for,59,73,1 (1% of feedbacks),because they didn't care the children
ANAKAPALLI,"Dr. B. R. Ambedkar Gurukulam/JC,NARSIPATNAM",CARETAKER_SATISFACTION,Caretaker residence issues,39,45,1 (2% of feedbacks),care taker residence here and she asked every one to eat food
KURNOOL,"Dr. B. R. Ambedkar Gurukulam/JC,KURNOOL",CLEANLINESS_RATING,"Lack of hygiene, facilities",11,11,1 (100% of feedbacks),Lack of proper hygiene ; No proper water for children's needs ; No proper facilities for washing clothes
KURNOOL,"Dr. B. R. Ambedkar Gurukulam Jr. College,CHINNATEKURU ( JR COL)",PRINCIPAL_SATISFACTION,Principal irresponsible,74,85,1 (1% of feedbacks),He's very irresponsible
KURNOOL,"Dr. B. R. Ambedkar Gurukulam Jr. College,CHINNATEKURU ( JR COL)",DIET_MENU_RATING,Poor diet menu,75,87,1 (1% of feedbacks),For first year food was excellent but in second year it's very poor
PRAKASAM,New Nabard School Kurichedu,DRINKING_WATER_RATING,Bore water provided,13,13,1 (8% of feedbacks),Children are being given bore water.
DR.B.R.AMBEDKAR KONASEEMA,"Dr. B. R. Ambedkar Gurukulam/JC,RAZOLE (BCRS)",DIET_MENU_RATING,"Poor, tasteless menu",15,16,1 (6% of feedbacks),Not satisfied due to menu is very poor and tasteless quality.
DR.B.R.AMBEDKAR KONASEEMA,"Dr. B. R. Ambedkar Gurukulam/JC,RAZOLE (BCRS)",EXTRACURRICULAR_RATING,"No activities, sports",15,15,1 (7% of feedbacks),There is no activities no participated games and sports.
NANDYAL,"Dr. B. R. Ambedkar Gurukulam/JC,JUPADU BANG",DRINKING_WATER_RATING,Water bag issue,63,75,1 (1% of feedbacks),Water bag
SRI SATHYA SAI,"Dr. B. R. Ambedkar Gurukulam,NALLAMADA",CARETAKER_SATISFACTION,Caretaker pay issue,163,179,1 (1% of feedbacks),Pay early.
ANANTAPUR,"Dr. B. R. Ambedkar Gurukulam/JC,KURUGUNTA",CARETAKER_SATISFACTION,Children neglected by caretaker,427,561,1 (0% of feedbacks),Moscow 2 Madam Our rating is 2 We are unable to give a rating due to neglect of children.
TIRUPATI,"Dr. B. R. Ambedkar Gurukulam/JC,SULURUPET",DRINKING_WATER_RATING,Drinking water problem,299,344,1 (0% of feedbacks),Water facility is not good.. drinking water problem
TIRUPATI,"Dr. B. R. Ambedkar Gurukulam/JC,SULURUPET",DIET_MENU_RATING,Only first aid treatment,298,344,1 (0% of feedbacks),Given only first aid treatment only
ANANTAPUR,"Dr. B. R. Ambedkar Gurukulam,KORRAPADU",DRINKING_WATER_RATING,Water facilities unsatisfactory,361,485,1 (0% of feedbacks),water facilities marusanaga undavu
ANANTAPUR,"Dr. B. R. Ambedkar Gurukulam/JC,GOOTY (DPIP)",DIET_MENU_RATING,Very bad food,246,299,1 (0% of feedbacks),My rating ---1 Very bad food
EAST GODAVARI,"Dr. B. R. Ambedkar Gurukulam/JC,KOVVURU (BCRS)",EXTRACURRICULAR_RATING,No PD teacher,106,152,1 (1% of feedbacks),We don't have PD.
KURNOOL,"Dr. B. R. Ambedkar Gurukulam Jr. College,CHINNATEKURU ( JR COL)",CARETAKER_SATISFACTION,Caretaker rude behavior,73,85,1 (1% of feedbacks),caretaker was not good he always scolds students the way he talks was rash and rude better to replace caretaker
PRAKASAM,"Dr. B. R. Ambedkar Gurukulam,KONDEPI",TEACHER_COMMUNICATION_RATING,Teacher bad words,83,95,1 (1% of feedbacks),Using some bad words
ANAKAPALLI,"Dr. B. R. Ambedkar Gurukulam/JC,NARSIPATNAM",DIET_MENU_RATING,Improve diet menu,38,44,1 (2% of feedbacks),improve diet menu
ANANTAPUR,"Dr. B. R. Ambedkar Gurukulam/JC,GOOTY (DPIP)",DRINKING_WATER_RATING,Water not purified properly,248,302,1 (0% of feedbacks),Not properly purified
