school_name,district,school_code,dist_code,total_feedback,rating_1,rating_2,rating_3,rating_4,rating_5,total_rated,reasons_with_text
"EMRS(CO-EDU),KOYYURU",ALLURI SITHARAMA RAJU,28131210116,745,10,0,0,0,0,10,10,0
"EMRS(CO-EDU),PADERU",ALLURI SITHARAMA RAJU,28131210114,745,10,0,0,0,0,10,10,0
GTW ASHRAM SCHOOL(BOYS) CHINTHAPALLI-2,ALLURI SITHARAMA RAJU,0206-2403-033,745,10,0,0,0,0,10,10,0
GTW ASHRAM SCHOOL(BOYS) PEDAVALASA,ALLURI SITHARAMA RAJU,0206-2403-023,745,10,0,0,0,0,9,9,9
GTW ASHRAM SCHOOL(BOYS) SEEKARI,ALLURI SITHARAMA RAJU,0213-2403-030,745,10,0,0,0,1,9,10,1
GTW ASHRAM SCHOOL(BOYS) TALARISINGI PADERU,ALLURI SITHARAMA RAJU,0213-2403-006,745,10,0,0,0,0,8,8,10
GTW ASHRAM SCHOOL(GIRLS) RINTHADA,ALLURI SITHARAMA RAJU,0206-2403-047,745,10,0,0,0,0,10,10,0
"Dr. B. R. Ambedkar Gurukulam,KONAM",ANAKAPALLI,28130800106,744,440,0,0,4,7,429,440,23
"Dr. B. R. Ambedkar Gurukulam/JC,DEVARAPALLI",ANAKAPALLI,28130700414,744,30,0,0,1,18,10,29,2
"Dr. B. R. Ambedkar Gurukulam/JC,GOLUGONDA",ANAKAPALLI,28131501006,744,50,0,5,1,4,38,48,37
"Dr. B. R. Ambedkar Gurukulam/JC,KOKKIRAPALLY",ANAKAPALLI,28134100106,744,40,0,0,2,14,19,35,25
"Dr. B. R. Ambedkar Gurukulam/JC,NAKKAPALLI",ANAKAPALLI,28133902308,744,602,5,4,25,101,462,597,174
"Dr. B. R. Ambedkar Gurukulam/JC,NARSIPATNAM",ANAKAPALLI,28131700717,744,457,5,5,7,70,351,438,162
"Dr. B. R. Ambedkar Gurukulam/JC,SABBAVARAM",ANAKAPALLI,28132301309,744,10,0,0,0,3,6,9,10
"Dr. B. R. Ambedkar Gurukulam/JC,TALLAPALEM",ANAKAPALLI,28133501407,744,30,1,0,0,0,29,30,0
GTW ASHRAM SCHOOL(GIRLS) THANDAVA,ANAKAPALLI,0206-2403-045,744,6,2,0,0,3,1,6,2
"Govt. SW Girls Hostel, Ravikamatham",ANAKAPALLI,0210-2402-005,744,18,0,0,0,0,18,18,0
Govt.B.C.Boys Hostel Butchayyapeta,ANAKAPALLI,0210-2501-004,744,40,0,0,0,0,40,40,0
"Govt.B.C.Boys Hostel, Golugonda",ANAKAPALLI,0212-2501-005,744,10,0,0,0,0,10,10,0
KGBV NATHAVARAM,ANAKAPALLI,28131601211,744,20,0,0,1,5,14,20,10
"MJBCWREIS, Annavaram",ANAKAPALLI,28132701304,744,10,0,0,0,0,10,10,0
APRS ANANTAPUR,ANANTAPUR,28222591338,502,20,0,0,0,0,20,20,0
APRS GOOTY,ANANTAPUR,28220690323,502,20,0,0,0,2,18,20,0
APRS Kalayanadurgam,ANANTAPUR,28223400405,502,30,0,0,0,5,25,30,0
"APTWRS(B),B.K.SAMUDRAM",ANANTAPUR,28222601040,502,20,0,0,3,9,8,20,1
"APTWRS(G),ANANTHAPUR",ANANTAPUR,28222591557,502,30,2,0,1,0,27,30,0
"APTWRS(G),URAVAKONDA",ANANTAPUR,28221591160,502,20,0,0,0,1,19,20,0
"APTWURJC(B),GOLLALADODDI",ANANTAPUR,28220601103,502,30,0,0,0,1,29,30,1
"Dr. B. R. Ambedkar Gurukulam,B PAPPOOR",ANANTAPUR,28222701104,502,893,8,4,17,215,642,886,81
"Dr. B. R. Ambedkar Gurukulam,KORRAPADU",ANANTAPUR,28222600405,502,4933,45,68,236,798,3736,4883,402
"Dr. B. R. Ambedkar Gurukulam,THIMMAPUR",ANANTAPUR,28223401006,502,2666,32,20,110,635,1841,2638,163
"Dr. B. R. Ambedkar Gurukulam/JC,BRAHMASAMUDRAM (DPIP)",ANANTAPUR,28222001107,502,962,17,11,54,70,808,960,45
"Dr. B. R. Ambedkar Gurukulam/JC,GOOTY (DPIP)",ANANTAPUR,28220600903,502,3038,86,23,121,266,2524,3020,507
"Dr. B. R. Ambedkar Gurukulam/JC,KANNEKAL",ANANTAPUR,28221701020,502,227,0,1,3,35,188,227,1
"Dr. B. R. Ambedkar Gurukulam/JC,KURUGUNTA",ANANTAPUR,28222500704,502,5587,45,27,120,493,4852,5537,583
"Dr. B. R. Ambedkar Gurukulam/JC,URAVAKONDA",ANANTAPUR,28221591135,502,2091,4,0,18,194,1874,2090,41
"Dr. B.R.A.C.S.W.R Jr. College, KURUGUNTA (JR COL)",ANANTAPUR,28222500706,502,159,4,2,5,27,116,154,21
GOVT B.C BOYS HOSTEL KANEKAL,ANANTAPUR,1010-2503-002,502,10,0,0,0,0,10,10,0
GOVT B.C COLLEGE BOYS HOSTEL KALYANDURG,ANANTAPUR,1008-2503-007,502,10,0,0,0,0,10,10,0
GOVT B.C COLLEGE BOYS HOSTEL TADIPATRI,ANANTAPUR,1016-2503-008,502,10,0,0,0,0,10,10,0
GOVT B.C COLLEGE GIRLS HOSTEL ANANTHAPURAMU (URBAN),ANANTAPUR,1001-2503-016,502,10,0,0,0,0,10,10,0
GOVT B.C GIRLS HOSTEL II ANANTHAPURAMU,ANANTAPUR,1001-2503-004,502,10,0,0,1,2,7,10,0
GOVT B.C GIRLS HOSTEL NARPALA,ANANTAPUR,1015-2503-002,502,20,0,0,1,2,17,20,1
GOVT B.C GIRLS HOSTEL NUTHIMADUGU,ANANTAPUR,1008-2503-009,502,30,0,0,0,0,30,30,0
GOVT SW BOYS HOSTEL NO-3 KALYANADURG,ANANTAPUR,1008-2402-003,502,10,0,0,0,0,10,10,0
Govt SC College Boys Hostel No-2 Anantapur,ANANTAPUR,1001-2402-018,502,10,0,1,0,0,4,5,6
Govt SC College Girls Hostel No.4 Anantapur,ANANTAPUR,1001-2402-022,502,39,0,0,1,13,22,36,7
Govt SC College Girls Hostel-1 Anantapur,ANANTAPUR,1001-2402-013,502,10,0,0,0,3,7,10,1
Govt SC College Girls Hostel-2 Anantapur,ANANTAPUR,1001-2402-016,502,20,0,0,0,1,19,20,10
"Govt SW Boys Hostel, Bramhasamudram",ANANTAPUR,1008-2402-012,502,10,0,0,0,0,10,10,0
"Govt SW Boys Hostel, Settur",ANANTAPUR,1008-2402-011,502,10,0,0,0,1,9,10,0
"Govt SW Girls Hostel No.2, Kalyandurg",ANANTAPUR,1008-2402-010,502,10,0,0,0,0,10,10,0
"Govt. SW Boys Hostel No.1, Gooty",ANANTAPUR,1004-2402-001,502,10,0,0,0,0,10,10,0
"Govt. SW Boys Hostel No.1, Kambadur",ANANTAPUR,1009-2402-001,502,30,0,0,1,12,17,30,0
"Govt. SW Boys Hostel No.2, Uravakonda",ANANTAPUR,1017-2402-002,502,20,0,0,0,1,19,20,0
"Govt. SW Boys Hostel No.4, Anantapur",ANANTAPUR,1001-2402-004,502,30,0,0,0,1,29,30,0
"Govt. SW Boys Hostel,  Konakondla",ANANTAPUR,1005-2402-004,502,10,0,0,0,1,9,10,0
"Govt. SW Boys Hostel, Chukkaluru",ANANTAPUR,1016-2402-006,502,10,0,0,0,0,10,10,0
"Govt. SW Boys Hostel, Singanamala",ANANTAPUR,1015-2402-001,502,10,0,0,0,3,7,10,0
"Govt. SW Boys Hostel,Bukkarasamudram",ANANTAPUR,1001-2402-007,502,10,0,0,0,0,10,10,0
"Govt. SW Girls Hostel No.1, Anantapur",ANANTAPUR,1001-2402-005,502,10,0,0,0,0,10,10,0
"Govt. SW Girls Hostel No.1, Kalyandurg",ANANTAPUR,1008-2402-009,502,10,0,0,0,0,10,10,0
"Govt. SW Girls Hostel No.2, Anantapur",ANANTAPUR,1001-2402-006,502,40,0,0,0,3,37,40,0
"Govt. SW Girls Hostel, Rayadurg",ANANTAPUR,1014-2402-004,502,10,0,0,0,0,10,10,0
"Govt. SW Girls Hostel, Tadipatri",ANANTAPUR,1016-2402-004,502,10,0,0,0,0,10,10,0
Govt. SW GirlsHostel Peddavadaguru,ANANTAPUR,1004-2402-011,502,10,0,0,0,1,8,9,3
KGBV  GARLADINNE,ANANTAPUR,28221301612,502,17,0,0,0,8,9,17,1
KGBV  NARPALA,ANANTAPUR,28222700422,502,30,3,0,1,0,26,30,1
KGBV  URAVAKONDA,ANANTAPUR,28221591148,502,10,0,0,0,0,10,10,0
KGBV  VAJRAKARUR,ANANTAPUR,28220400410,502,10,0,0,0,0,10,10,0
KGBV BELUGUPPA,ANANTAPUR,28221600313,502,10,0,0,0,0,10,10,0
KGBV BOMMANAHAL,ANANTAPUR,28220200506,502,9,0,0,0,4,5,9,0
KGBV D.HIREHAL,ANANTAPUR,28220100410,502,10,0,0,0,8,2,10,0
KGBV GEN TADIPATRI,ANANTAPUR,28220902812,502,10,0,0,0,4,6,10,0
KGBV GUMMAGATTA,ANANTAPUR,28221901107,502,10,0,0,0,0,10,10,0
KGBV KALYANDURG,ANANTAPUR,28222301034,502,10,0,0,0,0,10,10,0
KGBV KAMBADUR,ANANTAPUR,28223400919,502,40,1,0,0,15,24,40,21
KGBV KUDAIR,ANANTAPUR,28221400909,502,20,0,0,0,0,20,20,0
KGBV KUNDURPI,ANANTAPUR,28222200716,502,40,0,0,0,14,26,40,2
KGBV PAMIDI,ANANTAPUR,28221202031,502,10,0,0,0,0,10,10,0
KGBV PEDDAPAPPUR,ANANTAPUR,28221001307,502,30,0,0,0,0,30,30,0
KGBV PUTLUR,ANANTAPUR,28222800513,502,20,0,0,0,0,20,20,0
KGBV RAJAPURAM,ANANTAPUR,28220600904,502,30,0,0,0,5,25,30,0
KGBV SETTUR,ANANTAPUR,28222100112,502,7,0,1,0,1,4,6,4
KGBV VIDAPANAKA,ANANTAPUR,28220300807,502,10,0,0,0,3,7,10,0
KGBV YADIKI,ANANTAPUR,28220800338,502,10,0,0,0,2,7,9,2
MJBCWREIS Narsapuram @ Narpala,ANANTAPUR,28221101406,502,20,2,1,2,4,10,19,4
"MJBCWREIS, Pennahobilum  @ Konakondla",ANANTAPUR,28221591134,502,17,0,0,0,0,17,17,1
SC COLLEGE BOYS HOSTEL KALYANDURG,ANANTAPUR,1008-2402-014,502,41,0,0,2,6,33,41,2
"APBCWRS ,PILER",ANNAMAYYA,28233101177,753,10,0,0,0,0,10,10,0
APRS GYARAMPALLI.,ANNAMAYYA,28230902108,753,20,0,0,0,5,15,20,9
APRS VAYALPADU,ANNAMAYYA,28233301426,753,10,0,0,0,0,10,10,0
"APTWRS(B),PILERU",ANNAMAYYA,28233101183,753,9,0,0,0,0,9,9,0
"APTWRS(G),K.V.PALLI",ANNAMAYYA,28230900917,753,10,0,0,0,5,5,10,0
"APTWRS(G),PUNGANUR",ANNAMAYYA,28233790884,753,10,0,0,0,0,10,10,0
"APTWRS(G),RAYACHOTI",ANNAMAYYA,28204991610,753,51,2,2,2,10,35,51,0
"Dr. B. R. Ambedkar Gurukulam,ADAPUR AT NANDALURU",ANNAMAYYA,28204001806,753,407,3,0,8,61,334,406,25
"Dr. B. R. Ambedkar Gurukulam,LAKKIREDDIPALLI",ANNAMAYYA,28203600530,753,349,0,0,0,1,348,349,0
"Dr. B. R. Ambedkar Gurukulam,VALMEEKIPURAM",ANNAMAYYA,28233301433,753,2306,2,7,7,156,2133,2305,48
"Dr. B. R. Ambedkar Gurukulam/JC,B KOTHAKOTA",ANNAMAYYA,28230500227,753,512,1,0,7,52,452,512,21
"Dr. B. R. Ambedkar Gurukulam/JC,BURAKAYALKOTA",ANNAMAYYA,28230301309,753,1182,3,2,1,97,1079,1182,11
"Dr. B. R. Ambedkar Gurukulam/JC,DEVAPATLA",ANNAMAYYA,28204700916,753,636,0,0,1,32,602,635,4
"Dr. B. R. Ambedkar Gurukulam/JC,KODURU",ANNAMAYYA,28204400911,753,320,14,2,18,80,206,320,33
"Dr. B. R. Ambedkar Gurukulam/JC,MADANAPALLI (DPIP)",ANNAMAYYA,28233590594,753,3277,20,13,13,56,3157,3259,614
"Dr. B. R. Ambedkar Gurukulam/JC,PILERU",ANNAMAYYA,28233101211,753,343,8,4,23,39,265,339,49
"Dr. B. R. Ambedkar Gurukulam/JC,RAYACHOTI (BCRS)",ANNAMAYYA,28204901108,753,448,2,3,26,52,360,443,72
"Dr.B.R.Ambedkar Gurukulam for Boys, Ramapuram, Annamayya District.",ANNAMAYYA,28203700609,753,464,1,6,3,8,443,461,23
GOVT [BC] BOYS HOSTEL -  PUNGANUR,ANNAMAYYA,1111-2503-001,753,10,0,0,0,0,10,10,0
GOVT [SW] BOYS HOSTEL - CHINTHAPARTHI [SPL],ANNAMAYYA,1118-2402-005,753,30,0,0,0,0,30,30,1
GOVT [SW] BOYS HOSTEL - CHOWDEPALLE [SPL],ANNAMAYYA,1111-2402-006,753,10,0,0,0,0,10,10,0
GOVT [SW] BOYS HOSTEL - GYARAMPALLE,ANNAMAYYA,1110-2402-003,753,10,0,0,0,3,7,10,0
GOVT [SW] BOYS HOSTEL - K.V.PALLE,ANNAMAYYA,1110-2402-010,753,20,0,0,0,0,20,20,0
GOVT [SW] BOYS HOSTEL - PUNGANUR [SPL],ANNAMAYYA,1111-2402-010,753,29,1,0,4,13,11,29,0
GOVT [SW] BOYS HOSTEL NO.3 - MADANAPALLE [SPL],ANNAMAYYA,1106-2402-009,753,20,0,0,1,7,12,20,0
GOVT [SW] GIRLS HOSTEL NO.1 - MADANAPALLE [SPL],ANNAMAYYA,1106-2402-005,753,10,0,0,0,0,10,10,1
"GOVT.B.C.COLLEGE GIRLS HOSTEL,RAYACHOTY",ANNAMAYYA,1212-2503-007,753,10,0,0,0,0,10,10,1
"GOVT.S.W.GIRLS HOSTEL NO.2, RAYACHOTY",ANNAMAYYA,1212-2402-012,753,10,0,0,0,0,10,10,0
GOVT.SW COLLEGE GIRLS HOSTEL MADANAPALLE,ANNAMAYYA,1106-2402-012,753,9,0,0,0,0,9,9,0
KGBV SIDDAVARAM PEDDAMANDYAMMANDAL,ANNAMAYYA,28230100706,753,24,0,0,0,0,24,24,0
KGBV VAGALLA,ANNAMAYYA,28230900913,753,20,0,0,0,0,20,20,1
"MJPAPBCWREIS, Sodum",ANNAMAYYA,28234000615,753,30,0,0,0,0,30,30,6
MJPAPBCWRS GIRLS KALIKIRI,ANNAMAYYA,28233201228,753,10,0,0,0,0,10,10,0
"MJPBCWREIS, Thamballapalli",ANNAMAYYA,28230200825,753,28,0,0,0,0,28,28,0
"S.W.R GDC,KALIKIRI",ANNAMAYYA,gdc_kalikiri,753,30,0,1,2,7,20,30,6
Dr. B. R. Ambedkar Gurukulam NARASAYAPALEM,BAPATLA,30729000000,750,2300,2,5,8,26,2243,2284,1185
"Dr. B. R. Ambedkar Gurukulam,REPALLEY (BCRS)",BAPATLA,28175290847,750,109,6,6,5,18,73,108,19
"Dr. B. R. Ambedkar Gurukulam/JC,BAPATLA",BAPATLA,28175790143,750,1757,3,1,10,41,1699,1754,74
"Dr. B. R. Ambedkar Gurukulam/JC,NAGULAPALEM AT PARCHUR",BAPATLA,28182101113,750,10,0,0,0,2,8,10,0
"Dr. B. R. Ambedkar Gurukulam/JC,NIZAMPATNAM (PALLPATLA)",BAPATLA,28175400507,750,1347,1,2,3,120,1219,1345,22
"Dr. B. R. Ambedkar Gurukulam/JC,NORTH ADDANKI AT ADDANKI",BAPATLA,28181601121,750,71,11,1,2,3,50,67,11
"Dr. B. R. Ambedkar Gurukulam/JC,T SUNDUR",BAPATLA,28173300805,750,50,0,1,0,0,49,50,20
"Dr. B. R. Ambedkar Gurukulam/JC,YEDDANAPUDI",BAPATLA,28181900508,750,227,5,0,4,29,181,219,107
"GOVT.B.C.BOYS HOSTEL-1, BAPATLA.",BAPATLA,0602-2503-002,750,10,0,0,0,0,10,10,4
"GTW INTEGRATED WELFARE HOSTELS COMPLEX(GIRLS), BAPATLA",BAPATLA,0602-2403-006,750,10,0,0,0,0,10,10,8
Govt. Residential School and Junior College for Hearing Handicapped,BAPATLA,28175701708,750,10,0,0,0,1,9,10,10
KGBV CHIRALA,BAPATLA,28182390292,750,20,0,0,0,9,9,18,3
SOCIAL WELFARE GIRLS HOSTEL-I REPALLE,BAPATLA,0614-2402-004,750,30,0,0,0,0,30,30,0
"SW COLLEGE GIRLS HOSTEL-2, REPALLE",BAPATLA,0614-2402-013,750,10,0,0,0,0,10,10,0
APMS GUDUPALLI,CHITTOOR,28236501804,503,10,0,0,0,0,10,10,0
APRS CHITTOOR,CHITTOOR,28235400409,503,10,0,0,0,0,10,10,0
APRS KAMMANAPALLE,CHITTOOR,28236101106,503,20,0,0,0,0,20,20,0
"APTWRS(B),RARMAKUPPAM",CHITTOOR,28236301202,503,49,0,0,1,5,43,49,0
"APTWRS(G),CHITTOOR",CHITTOOR,28235492001,503,10,0,0,0,0,10,10,0
"Dr. B. R. Ambedkar Gurukulam,G D NELLORE",CHITTOOR,28234901409,503,1488,12,4,15,25,1404,1460,135
"Dr. B. R. Ambedkar Gurukulam,KUPPAM (VIJAPURAM)",CHITTOOR,28236302206,503,2832,2,4,67,522,2237,2832,29
"Dr. B. R. Ambedkar Gurukulam,POTHALAPATTU",CHITTOOR,28235100604,503,484,13,0,7,14,448,482,29
"Dr. B. R. Ambedkar Gurukulam/JC,CHITTOOR",CHITTOOR,28235491821,503,1660,25,13,21,70,1498,1627,108
"Dr. B. R. Ambedkar Gurukulam/JC,KUPPAM (DPIP)",CHITTOOR,28236601304,503,3987,14,20,47,308,3575,3964,709
"Dr. B. R. Ambedkar Gurukulam/JC,PALAMANERU",CHITTOOR,28235800316,503,3801,16,8,16,24,3721,3785,120
"Dr. B. R. Ambedkar Gurukulam/JC,RAMAKUPPAM",CHITTOOR,28236301201,503,1311,1,7,20,189,1083,1300,39
GOVT SW BOYS HOSTEL - UGRANAMPALLE SPL,CHITTOOR,1101-2402-028,503,10,0,0,0,0,10,10,0
"GOVT SW COLLEGE BOYS HOSTEL, K.NAGAR",CHITTOOR,1112-2402-021,503,20,0,0,0,0,20,20,1
GOVT [BC] BOYS HOSTEL -  ROMPICHERLA,CHITTOOR,1110-2503-002,503,19,0,0,0,0,19,19,0
GOVT [BC] COLLEGE BOYS HOSTEL - NAGARI,CHITTOOR,1107-2503-007,503,10,0,0,1,0,9,10,1
GOVT [BC] COLLEGE BOYS HOSTEL - PALAMANER,CHITTOOR,1109-2503-005,503,10,0,0,0,0,10,10,0
GOVT [BC] COLLEGE GIRLS HOSTEL -  PALAMANER,CHITTOOR,1109-2503-004,503,20,0,0,0,0,20,20,0
GOVT [BC] COLLEGE GIRLS HOSTEL - PUTHALAPATTU,CHITTOOR,1101-2503-010,503,10,0,0,0,0,10,10,0
GOVT [SW]  BOYS HOSTEL - PENUMUR(Spl.),CHITTOOR,1101-2402-026,503,10,0,0,0,0,10,10,10
GOVT [SW] BOYS HOSTEL - BAIREDDIPALLE,CHITTOOR,1109-2402-006,503,10,0,0,0,0,10,10,0
GOVT [SW] BOYS HOSTEL - DEVALAMPETA [SPL],CHITTOOR,1112-2402-015,503,20,0,0,0,0,20,20,4
GOVT [SW] BOYS HOSTEL - KOLAMASANAPALLE,CHITTOOR,1109-2402-007,503,61,0,0,2,56,3,61,0
GOVT [SW] BOYS HOSTEL NO.1 - PALAMANER [SPL],CHITTOOR,1109-2402-003,503,10,0,0,0,0,10,10,0
GOVT [SW] GIRLS HOSTEL - IRALA,CHITTOOR,1101-2402-011,503,10,0,0,0,0,10,10,0
GOVT [SW] GIRLS HOSTEL - PALAMANER [SPL],CHITTOOR,1109-2402-002,503,8,0,0,0,0,8,8,0
GOVT. SW COLLEGE GIRLS HOSTEL KUPPAM,CHITTOOR,1105-2402-008,503,10,0,0,0,0,10,10,0
GOVT.SW COLLEGE BOYS HOSTEL KUPPAM,CHITTOOR,1105-2402-007,503,10,0,0,0,4,6,10,0
"GOVT.SW COLLEGE GIRLS HOSTEL, PUTHALAPATTU",CHITTOOR,1101-2402-044,503,10,0,0,0,1,9,10,0
GOVT.SWCOLLEGE GIRLS HOSTELNO.2 CHITTOOR,CHITTOOR,1101-2402-042,503,9,0,0,1,0,5,6,4
KGBV GANGAVARAM,CHITTOOR,28235901420,503,40,0,0,0,0,40,40,0
KGBV GUDUPALLE,CHITTOOR,28236501605,503,10,0,0,0,0,10,10,1
KGBV PARAMASAMUDRAM KUPPAMMANDAL,CHITTOOR,28236601305,503,20,0,0,0,2,17,19,10
KGBV RAMAKUPPAM,CHITTOOR,28236302205,503,40,0,0,2,10,28,40,0
MJPAPBCWR Kuppam(B),CHITTOOR,28236690461,503,20,0,0,0,0,20,20,0
Residential School Principal Kuppam,CHITTOOR,28237101954,503,10,0,0,0,1,9,10,0
"Dr. B. R. Ambedkar Gurukulam,DRAKSARAMA",DR.B.R.AMBEDKAR KONASEEMA,28143901513,747,29,0,8,0,0,20,28,20
"Dr. B. R. Ambedkar Gurukulam,GANNAVARAM",DR.B.R.AMBEDKAR KONASEEMA,28144700721,747,30,0,0,0,1,29,30,2
"Dr. B. R. Ambedkar Gurukulam/JC,ALLAVARAM",DR.B.R.AMBEDKAR KONASEEMA,28145500809,747,28,0,0,0,3,25,28,16
"Dr. B. R. Ambedkar Gurukulam/JC,GODI AT KOMARAGIRI PATNAM",DR.B.R.AMBEDKAR KONASEEMA,28145500807,747,10,0,0,0,0,10,10,0
"Dr. B. R. Ambedkar Gurukulam/JC,MUMMIDIVARAM",DR.B.R.AMBEDKAR KONASEEMA,28145000727,747,20,0,0,0,1,19,20,0
"Dr. B. R. Ambedkar Gurukulam/JC,RAZOLE (BCRS)",DR.B.R.AMBEDKAR KONASEEMA,28145700415,747,160,3,2,11,20,122,158,56
SWBH 1 RAMACHANDRAPURAM,DR.B.R.AMBEDKAR KONASEEMA,0313-2402-002,747,10,0,0,0,0,10,10,0
"Dr. B. R. Ambedkar Gurukulam Jr. College,KOTTURU (LN PURAM JC)",EAST GODAVARI,28143300238,505,189,3,6,7,33,139,188,21
"Dr. B. R. Ambedkar Gurukulam,RAJAHMUNDRY",EAST GODAVARI,28142990336,505,140,7,1,4,24,104,140,44
"Dr. B. R. Ambedkar Gurukulam/JC,GOPALAPURAM",EAST GODAVARI,28150501514,505,60,1,0,1,8,49,59,9
"Dr. B. R. Ambedkar Gurukulam/JC,KOVVURU (BCRS)",EAST GODAVARI,28151690341,505,1520,34,29,37,226,1179,1505,411
"Dr. B. R. Ambedkar Gurukulam/JC,LAXMINARASAPURAM",EAST GODAVARI,28143300305,505,20,0,0,0,0,20,20,0
"Dr. B. R. Ambedkar Gurukulam/JC,VEERALANKAPALLI",EAST GODAVARI,28141700317,505,766,1,2,1,20,742,766,136
"INTEGRATED WELFARE HOSTEL COMPLEX, RAJAHMUNDRY",EAST GODAVARI,0312-2503-003,505,10,0,0,0,0,10,10,0
SW COLLEGE GIRLS HOSTEL NO 3 RAJAHMUNDRY,EAST GODAVARI,0312-2402-017,505,20,0,0,0,0,20,20,1
SWBH 1 RAJAHMUNDRY,EAST GODAVARI,0312-2402-008,505,10,0,0,0,0,10,10,0
APRS APPALARAJUGUDEM,ELURU,28150800404,748,40,0,0,0,0,40,40,0
APRS MUSUNURU,ELURU,28162501010,748,60,0,0,0,1,59,60,0
APRS NAGIREDDYGUDEM,ELURU,28150902824,748,8,0,0,0,0,8,8,0
APRS VIJAYAWADA,ELURU,28161791043,748,20,0,1,5,8,6,20,0
"APTWRS(G),BUTTAYYAGUDEM",ELURU,28150203103,748,10,0,0,0,4,6,10,0
"Dr. B. R. Ambedkar Gurukulam,CHINTALAPUDI",ELURU,28150902876,748,48,0,0,0,4,44,48,1
"Dr. B. R. Ambedkar Gurukulam/JC,DWARAKA TIRUMALA",ELURU,28151201112,748,3366,19,16,84,440,2805,3364,93
"Dr. B. R. Ambedkar Gurukulam/JC,ELURU AT VATLURU",ELURU,28152200208,748,250,2,3,4,16,216,241,44
"Dr. B. R. Ambedkar Gurukulam/JC,JANGAREDDYGUDEM",ELURU,28150701423,748,166,1,0,0,0,163,164,18
"Dr. B. R. Ambedkar Gurukulam/JC,NUZIVEEDU (G)",ELURU,28162390533,748,4952,2,1,9,56,4880,4948,820
"Dr. B. R. Ambedkar Gurukulam/JC,PEDAVEGI",ELURU,28152101329,748,128,0,0,1,8,119,128,13
"Dr. B. R. Ambedkar Gurukulam/JC,POLASANIPALLI",ELURU,28152000105,748,4091,53,15,33,47,3926,4074,529
"GOVT.B.C COLLEGE GIRLS HOSTEL-II,ELURU",ELURU,0401-2503-010,748,9,0,0,0,0,9,9,1
GOVT.B.C.BOYS HOSTEL NO-2 ELURU,ELURU,0401-2503-009,748,10,0,0,0,0,10,10,0
GOVT.B.C.GIRLS HOSTEL NO-2 ELURU,ELURU,0401-2503-002,748,10,0,1,2,6,1,10,0
"GOVT.S.W.I.W.H.C.(B), NUZVIDU",ELURU,0512-2402-003,748,30,0,0,0,1,29,30,30
GTW ASHRAM SCHOOL(GIRLS) KUKUNURU,ELURU,0416-2403-003,748,10,0,0,0,0,10,10,0
MJBCWREIS Gopalapuram,ELURU,28150501529,748,20,0,0,0,0,20,20,0
"S.W.G.H., MUSUNURU",ELURU,0512-2402-010,748,10,0,0,0,0,10,10,0
"S.W.G.H.NO.1, NUZVIDU",ELURU,0512-2402-007,748,10,0,0,0,0,10,10,0
SW BOYS HOSTEL KUCHIMPUDI,ELURU,0401-2402-014,748,10,0,0,0,0,10,10,0
"SW BOYS HOSTEL, BHIMADOLE",ELURU,0404-2402-001,748,10,0,0,0,0,10,10,0
"SW BOYS HOSTEL, BUTTAIGUDEM",ELURU,0407-2402-002,748,10,0,0,0,0,10,10,2
"SW BOYS HOSTEL, DHARMAJI GUDEM",ELURU,0405-2402-008,748,20,0,0,0,7,13,20,0
"SW BOYS HOSTEL, KAMAVARAPUKOTA",ELURU,0405-2402-012,748,10,1,2,0,1,6,10,0
"SW BOYS HOSTEL, KANNAPURAM",ELURU,0407-2402-021,748,18,0,0,0,0,18,18,0
"SW BOYS HOSTEL, PRAGADAVARAM",ELURU,0405-2402-005,748,10,0,0,0,0,10,10,0
"SW BOYS HOSTEL, SINGAGUDEM",ELURU,0405-2402-010,748,10,0,0,0,7,3,10,0
SW COLLEGE BOYS HOSTEL JANGAREDDIGUDEM,ELURU,0407-2402-027,748,10,0,0,0,0,10,10,0
SW COLLEGE GIRLS HOSTEL JANGAREDDIGUDEM,ELURU,0407-2402-026,748,10,0,0,0,0,10,10,1
SW GIRLS COLLEGE HOSTEL NO 2 ELURU,ELURU,0401-2402-017,748,10,0,0,0,0,10,10,0
"SW GIRLS HOSTEL, KAMAVARAPUKOTA",ELURU,0405-2402-013,748,10,0,0,0,0,10,10,0
"SW GIRLS HOSTEL, KOYYALAGUDEM",ELURU,0407-2402-008,748,20,0,0,0,0,20,20,0
"SW IWHC FOR GIRLS, CHINTALAPUDI",ELURU,0405-2402-004,748,30,0,0,0,0,30,30,0
APRS GUNTUR (G),GUNTUR,28172691394,506,10,0,0,0,0,10,10,0
APRS THADIKONDA,GUNTUR,28171300615,506,19,0,0,0,0,19,19,3
"APTWRS(G),TENALI",GUNTUR,28173291122,506,10,0,0,0,0,10,10,0
"Dr. B. R. Ambedkar Gurukulam,ADAVITAKKILAPADU",GUNTUR,28172600216,506,50,0,0,0,0,50,50,10
"Dr. B. R. Ambedkar Gurukulam,KAKUMANU AT RETURU",GUNTUR,28175790150,506,50,0,0,0,2,48,50,0
"Dr. B. R. Ambedkar Gurukulam,TADIKONDA",GUNTUR,28171300620,506,32,8,0,1,1,22,32,0
"GOVT. B.C. COLLEGE GIRLS HOSTEL, TENALI",GUNTUR,0616-2503-005,506,10,0,0,0,0,10,10,0
GOVT.B.C.COLLEGE BOYS HOSTEL-PONNUR,GUNTUR,0617-2503-007,506,10,0,0,0,0,10,10,5
GTW HOSTEL(GIRLS) GUNTUR,GUNTUR,0601-2403-004,506,10,0,0,0,1,8,9,2
S.W.COLLEGE BOYS HOSTEL I HEYER HALL COMPOUND,GUNTUR,0601-2402-025,506,30,0,0,0,13,17,30,0
S.W.COLLEGE BOYS HOSTEL- II HEYER HALL COMPOUND,GUNTUR,0601-2402-028,506,30,0,0,0,0,30,30,1
SOCIAL WELFARE GIRLS HOSTEL PRATHIPADU,GUNTUR,0601-2402-008,506,10,0,0,0,0,10,10,0
"APR SCHOOL(G), TUNI",KAKINADA,28140601612,746,20,0,0,0,0,20,20,0
"Dr. B. R. Ambedkar Gurukulam,CHOLLANGIPETA",KAKINADA,28143700204,746,10,0,0,0,0,10,10,0
"Dr. B. R. Ambedkar Gurukulam,JAGANNAIKPUR at P VENKATAPURAM",KAKINADA,28142391024,746,701,22,5,12,64,590,693,158
"Dr. B. R. Ambedkar Gurukulam,JAGGAMPETA",KAKINADA,28141801614,746,47,0,1,2,10,33,46,3
"Dr. B. R. Ambedkar Gurukulam/JC,A.MALLAVARAM",KAKINADA,28146004202,746,20,0,0,0,0,20,20,0
"Dr. B. R. Ambedkar Gurukulam/JC,ELESWARAM",KAKINADA,28141100716,746,40,0,0,0,0,40,40,5
"Dr. B. R. Ambedkar Gurukulam/JC,PITHAPURAM",KAKINADA,28142190747,746,30,3,3,2,2,20,30,2
"Dr. B. R. Ambedkar Gurukulam/JC,S.M. NAGAR(KAKINADA)",KAKINADA,28142495220,746,1188,2,17,14,57,1081,1171,244
"Dr. B. R. Ambedkar Gurukulam/JC,TUNI",KAKINADA,28140601512,746,10,0,0,0,0,10,10,0
MJPAPBCWR PITHAPURAM(G),KAKINADA,28347101366,746,10,0,0,0,0,10,10,0
New Nabard School Tuni,KAKINADA,nabard001,746,20,0,0,0,0,20,20,0
PMS COLLEGE HOSTEL(GIRLS) DIVILI,KAKINADA,0308-2403-001,746,20,6,0,0,0,14,20,0
PMS COLLEGE HOSTEL(GIRLS)-1 KAKINADA,KAKINADA,0301-2403-003,746,10,0,0,0,7,2,9,10
"SW Girls IWHC, PITHAPURAM",KAKINADA,0309-2402-009,746,9,0,0,0,2,7,9,2
SWBH 2 KAKINADA,KAKINADA,0301-2402-004,746,10,0,0,0,0,10,10,1
APRJC  NIMMAKURU,KRISHNA,28163901137,510,10,0,0,0,0,10,10,0
APRS MACHILIPATNAM,KRISHNA,28163791212,510,11,0,0,0,0,4,4,11
APRS NIMMAKURU,KRISHNA,28163902606,510,10,0,0,0,0,10,10,0
"BC COLLEGE BOYS HOSTEL, BANTUMILLI",KRISHNA,0504-2503-001,510,10,0,0,0,4,6,10,0
"BC COLLEGE BOYS HOSTEL, GUDLAVALLERU",KRISHNA,0506-2503-003,510,10,0,0,0,0,10,10,0
"BC COLLEGE BOYS HOSTEL, MACHILIPATNAM",KRISHNA,0501-2503-003,510,10,0,0,0,0,10,10,0
"BC COLLEGE GIRLS  HOSTEL, GUDIVADA",KRISHNA,0506-2503-001,510,10,0,0,0,2,7,9,4
"BC GIRLS HOSTEL, AVANIGADDA",KRISHNA,0502-2501-008,510,10,0,0,0,0,10,10,0
"Dr. B. R. Ambedkar Gurukulam,PAMARRU",KRISHNA,28163901204,510,30,0,0,0,0,30,30,0
"Dr. B. R. Ambedkar Gurukulam/JC,CHELLAPALLI",KRISHNA,28163200916,510,189,2,2,6,15,164,189,21
"Dr. B. R. Ambedkar Gurukulam/JC,GUDIVADA (BCRS)",KRISHNA,28164290161,510,40,0,0,0,4,36,40,0
"Dr. B. R. Ambedkar Gurukulam/JC,NANDAMURU at Balliparru",KRISHNA,28164402308,510,30,0,2,2,0,26,30,5
"Dr. B. R. Ambedkar Gurukulam/JC,RUDRAVARAM",KRISHNA,28163702004,510,1115,2,8,27,152,919,1108,23
"Dr. B. R. Ambedkar Gurukulam/JC,VEERAPANENIGUDEM",KRISHNA,28162102014,510,10,0,0,0,0,10,10,0
SW COLLEGE GIRLS HOSTEL AVANIGADDA,KRISHNA,0502-2402-010,510,10,0,0,0,0,10,10,0
A.P MODEL SCHOOL NANDAVARAM,KURNOOL,28210401611,511,10,0,0,0,0,10,10,0
A.P MODEL SCHOOL ORVAKAL,KURNOOL,28211701115,511,18,0,2,0,14,2,18,18
"APBCWRS ,AREKAL",KURNOOL,28212391302,511,10,0,0,0,0,10,10,0
APRJC  BANAVASI,KURNOOL,28212101708,511,10,1,0,0,1,8,10,1
APRS BANAVASI,KURNOOL,28212101705,511,70,0,2,7,3,58,70,0
APRS KALVABUGGA,KURNOOL,28211701707,511,40,0,0,1,15,24,40,1
APRS KURNOOL (G),KURNOOL,28211800471,511,60,0,1,4,2,52,59,11
APRS PATHIKONDA,KURNOOL,28215100728,511,10,0,0,0,0,10,10,0
"APTWRS(G),ALURU",KURNOOL,28212501425,511,11,0,2,2,4,2,10,10
"APTWRS(G),KURNOOL",KURNOOL,28211890570,511,10,0,0,0,0,10,10,0
"DR.B.R.AMBEDKAR GURUKULAM,VELDURTHY",KURNOOL,28212901017,511,2607,10,18,51,300,2204,2583,196
"Dr. B. R. Ambedkar Gurukulam Jr. College,CHINNATEKURU  ( JR COL)",KURNOOL,28211801307,511,872,31,18,68,167,565,849,148
"Dr. B. R. Ambedkar Gurukulam/JC,ADHONI",KURNOOL,28212391303,511,589,19,8,39,79,431,576,135
"Dr. B. R. Ambedkar Gurukulam/JC,ALURU ( ARIKERA )",KURNOOL,28212501503,511,100,0,0,18,10,72,100,22
"Dr. B. R. Ambedkar Gurukulam/JC,C BELGAL",KURNOOL,28210500908,511,259,5,7,5,35,206,258,27
"Dr. B. R. Ambedkar Gurukulam/JC,KAMBALAPADU",KURNOOL,28212801007,511,3094,13,3,73,302,2702,3093,32
"Dr. B. R. Ambedkar Gurukulam/JC,KURNOOL",KURNOOL,28211890453,511,2877,38,37,132,399,2242,2848,339
"Dr. B. R. Ambedkar Gurukulam/JC,PATTIKONDA",KURNOOL,28215100734,511,799,3,2,5,11,778,799,3
"GOVERNMENT SW BOYS HOSTEL, KAMBALAPADU",KURNOOL,0907-2402-005,511,20,0,0,0,3,17,20,0
"GOVT BC BOYS HOSTEL LADDAGIRI NO.II, KURNOOL",KURNOOL,0908-2503-005,511,10,0,0,0,0,10,10,0
GOVT BC BOYS HOSTEL MEEDIVEMULA,KURNOOL,0901-2503-013,511,10,0,0,0,2,8,10,0
"GOVT BC BOYS HOSTEL, C.BELGAL",KURNOOL,0908-2503-006,511,10,0,0,3,6,1,10,0
"GOVT BC BOYS HOSTEL, KURNOOL",KURNOOL,0901-2503-005,511,40,0,0,0,2,37,39,1
"GOVT BC GIRLS HOSTEL, GONEGANDLA",KURNOOL,0914-2503-004,511,10,0,0,0,0,10,10,0
"GOVT BC PREMATRIC BOYS HOSTEL, KAMBALAPADU",KURNOOL,0907-2503-008,511,10,0,0,0,0,10,10,1
"GOVT SW BOYS HOSTEL, PEDDAPADU",KURNOOL,0901-2402-011,511,19,0,0,0,3,16,19,0
GOVT SW HOSTEL RS PENDEKAL,KURNOOL,0913-2402-007,511,10,0,0,0,0,10,10,3
"GOVT. SW ANANDANILAYAM (GIRLS), KURNOOL",KURNOOL,0901-2402-015,511,10,0,0,0,0,10,10,0
"GOVT. SW BOYS HOSTLE, C-BELAGAL",KURNOOL,0908-2402-003,511,29,0,0,0,0,29,29,0
GTW ASHRAM SCHOOL(BOYS) ALUR,KURNOOL,0904-2403-002,511,10,0,0,0,0,10,10,0
"Govt. SW Boys Hostel No.2, Pathikonda",KURNOOL,0913-2402-002,511,30,0,0,0,12,18,30,0
"Govt. SW Girls Hostel, Pathikonda",KURNOOL,0913-2402-003,511,10,0,0,0,0,10,10,0
"Govt. SW Girls Hostel, Ullindakonda",KURNOOL,0901-2402-012,511,80,0,1,3,9,67,80,2
INTEGRATED WELFARE HOSTEL COMPLEX FOR BOYS GUDUR,KURNOOL,0908-2402-001,511,20,0,0,0,1,19,20,0
INTEGRATED WELFARE HOSTEL COMPLEX FOR GIRLS ADONI,KURNOOL,0902-2402-008,511,10,0,0,0,1,9,10,0
IWHC NANDAVARAM,KURNOOL,0914-2402-003,511,10,0,0,0,0,10,10,0
KGBV  C.BELAGAL BC COLONY,KURNOOL,28210500913,511,20,0,0,0,1,19,20,0
KGBV  ORVAKAL,KURNOOL,28211701111,511,11,0,0,0,1,9,10,3
KGBV GUDUR,KURNOOL,28210600629,511,20,0,0,0,0,20,20,0
KGBV HOLAGUNDA,KURNOOL,28212401008,511,10,0,0,0,1,9,10,0
KGBV KODUMUR,KURNOOL,28211900338,511,19,0,0,0,2,17,19,5
KGBV KOWTHALAM,KURNOOL,28210102719,511,10,0,0,0,1,9,10,0
KGBV KRISHNAGIRI,KURNOOL,28212800505,511,20,0,0,0,7,13,20,1
KGBV LAKSHMIPURAM KALLUR,KURNOOL,28211800465,511,20,0,0,0,1,19,20,0
KGBV VELDURTHY,KURNOOL,28212901034,511,20,0,0,0,0,20,20,0
KGBVMINORITY ADONI,KURNOOL,28212391337,511,10,0,0,0,0,10,10,0
"MJBCWREIS, Gorantla",KURNOOL,28211900906,511,30,0,0,0,9,21,30,1
"MJBCWREIS, Veldurthy",KURNOOL,28212901039,511,28,0,0,1,0,27,28,1
SW BOYS HOSTEL GARGEYAPURAM,KURNOOL,0901-2402-006,511,10,0,0,0,0,10,10,0
SW BOYS HOSTEL NO.I ADONI,KURNOOL,0902-2402-002,511,10,0,0,0,0,10,10,0
SW BOYS HOSTEL YERUKALACHERUVU,KURNOOL,0907-2402-006,511,10,0,0,0,0,10,10,0
SW COLLEGE GIRLS HOSTEL NO.2 ADONI,KURNOOL,0902-2402-010,511,10,0,0,0,0,10,10,0
SW GIRLS HOSTEL ALUR,KURNOOL,0904-2402-003,511,10,0,0,0,3,7,10,0
SW GIRLS HOSTEL GUDUR,KURNOOL,0908-2402-004,511,19,0,0,0,3,16,19,0
SW GIRLS HOSTEL KODUMUR,KURNOOL,0908-2402-005,511,10,0,0,0,5,5,10,10
SW GIRLS HOSTEL ORVAKAL,KURNOOL,0901-2402-007,511,60,0,0,0,0,60,60,0
"SW Integrated Welfare Hostel Complex, Pathikonda",KURNOOL,0913-2402-001,511,51,11,0,0,3,37,51,0
"APTWRS(B),YERRAGONDAPALEM",MARKAPURAM,28180101763,790,10,0,3,0,7,0,10,6
"APTWRS(PTG-B),YERRAGONDAPALEM",MARKAPURAM,28180101718,790,10,0,0,0,0,10,10,0
GOVT SW BOYS HOSTEL TARLUPADU,MARKAPURAM,0709-2402-008,790,10,0,0,0,0,10,10,0
"GOVT SW BOYS HOSTEL, BESTHAVARIPETA",MARKAPURAM,0704-2402-005,790,10,0,0,0,0,10,10,0
"GOVT SW BOYS HOSTEL, GAJJALAKONDA",MARKAPURAM,0709-2402-001,790,30,0,0,0,0,30,30,0
"GOVT SW BOYS HOSTEL, TRIPURANTHAKAM",MARKAPURAM,0713-2402-008,790,10,0,0,0,0,10,10,0
"GOVT SW BOYS HOSTEL, Y.D.PADU",MARKAPURAM,0709-2402-002,790,10,0,0,0,0,10,10,0
GOVT SW BOYS HOSTEL-2  CUMBUM,MARKAPURAM,0704-2402-004,790,20,0,0,0,0,20,20,0
"GOVT SW BOYS HOSTEL-I, CUMBUM",MARKAPURAM,0704-2402-003,790,20,0,0,0,0,20,20,0
"GOVT SW BOYS HOSTEL-I, GIDDALUR",MARKAPURAM,0706-2402-003,790,9,0,0,0,0,9,9,2
"GOVT SW COLLEGE GIRLS HOSTEL, CUMBUM",MARKAPURAM,0704-2402-013,790,10,0,0,0,0,10,10,0
GOVT SW GIRLS HOSTEL TRIPURANTHAKAM,MARKAPURAM,0713-2402-009,790,10,0,0,0,0,10,10,0
"GOVT. B.C.BOYS HOSTEL,II - PAMUR",MARKAPURAM,0708-2503-004,790,19,0,0,0,2,17,19,0
GOVT. B.C.BOYS HOSTEL-BESTAVARI PETA,MARKAPURAM,0704-2503-002,790,10,0,0,0,0,10,10,0
"GOVT. B.C.GIRLS HOSTEL,SEELAMVARIPALLI",MARKAPURAM,0708-2503-003,790,10,0,0,0,0,10,10,0
KGBV  RACHARLA,MARKAPURAM,28183501019,790,10,0,0,1,0,9,10,1
KGBV MARKAPUR,MARKAPURAM,28180990461,790,10,0,0,0,0,10,10,0
KGBV-TARLUPADU,MARKAPURAM,28181001415,790,10,0,0,0,0,10,10,3
MJBCWREIS Kanigiri,MARKAPURAM,28187100303,790,7,0,0,0,1,6,7,1
"MJBCWREIS, Yerragondapalem",MARKAPURAM,28180101766,790,10,0,0,0,0,10,10,0
SW GIRLS HOSTEL BESTHAVARIPETA,MARKAPURAM,07062402004_1,790,10,0,0,0,0,10,10,0
A.P MODEL SCHOOL B.ATMAKUR,NANDYAL,28213300825,755,30,0,0,0,0,30,30,0
AP MODEL SCHOOL OWK,NANDYAL,28214701025,755,10,0,0,0,0,10,10,0
APBCW Residential School Kothapeta,NANDYAL,28214403609,755,10,0,0,0,1,9,10,1
"APBCWRS ,NERAWADA",NANDYAL,28213100905,755,20,0,0,0,1,19,20,0
"APTWRS(B),SRISAILAM",NANDYAL,28211290809,755,31,0,0,3,3,24,30,13
"APTWRS(G),BAIRLUTY",NANDYAL,28211101203,755,10,0,0,0,0,10,10,0
"Dr. B. R. Ambedkar Gurukulam,ALLAGADDA",NANDYAL,28213800944,755,442,1,8,9,12,412,442,31
"Dr. B. R. Ambedkar Gurukulam,DHONE(B)",NANDYAL,51822200000,755,140,0,1,0,18,119,138,26
"Dr. B. R. Ambedkar Gurukulam,LAXMAPURAM",NANDYAL,28210901006,755,2826,30,36,92,197,2456,2811,525
"Dr. B. R. Ambedkar Gurukulam/JC,ALLAGADDA (RPRP)",NANDYAL,28213800932,755,1144,20,15,49,145,904,1133,98
"Dr. B. R. Ambedkar Gurukulam/JC,JUPADU BANG",NANDYAL,28211501201,755,763,9,17,20,71,640,757,51
"Dr. B. R. Ambedkar Gurukulam/JC,KOILAKUNTLA",NANDYAL,28214301425,755,1139,17,24,62,217,805,1125,110
"Dr. B. R. Ambedkar Gurukulam/JC,PEAPALLY",NANDYAL,28214900639,755,577,9,10,16,52,485,572,64
"GOVERNMENT SW GIRLS HOSTEL , DHONE",NANDYAL,0907-2402-003,755,30,0,0,1,4,25,30,0
GOVT BC BOYS HOSTEL BANDI ATMAKUR,NANDYAL,0912-2503-005,755,10,0,0,0,0,10,10,0
GOVT BC BOYS HOSTEL I KOTHAPETA KURNOOL,NANDYAL,0906-2503-003,755,10,0,0,0,0,10,10,0
GOVT BC BOYS HOSTEL KOTHAPALLI KURNOOL,NANDYAL,0905-2503-002,755,10,0,0,0,0,10,10,0
"GOVT BC BOYS HOSTEL, PEAPULLY",NANDYAL,0907-2503-004,755,10,0,0,0,1,9,10,10
GTW ASHRAM SCHOOL(BOYS) ALEBAD THANDA,NANDYAL,0907-2403-001,755,10,0,0,0,0,10,10,0
GTW ASHRAM SCHOOL(GIRLS) KOTTALACHERUVU,NANDYAL,0905-2403-001,755,11,0,3,6,2,0,11,0
GTW ASHRAM SCHOOL(GIRLS) PANYAM,NANDYAL,0912-2403-005,755,10,0,0,0,6,4,10,0
KGBV  PAMULAPADU,NANDYAL,28211400712,755,20,0,1,0,3,16,20,10
KGBV MIDTHUR,NANDYAL,28211600414,755,10,0,0,0,0,10,10,0
KGBV PAGIDYALA,NANDYAL,28210900914,755,10,0,0,0,1,9,10,10
KGBV VELGODE,NANDYAL,28211300533,755,8,0,0,0,0,7,7,1
"MJBCWREIS, Srisailam",NANDYAL,28211290808,755,70,0,0,0,0,70,70,16
"MJPAPBCWR School& Jr.College(B), Bhethamcherla",NANDYAL,28217100352,755,20,0,0,1,0,19,20,1
"MJPAPBCWR School& Jr.College(G), Dhone",NANDYAL,28217100353,755,40,5,5,9,13,8,40,10
SW COLLEGE GIRLS HOSTEL NO.1 NANDYALA,NANDYAL,0912-2402-013,755,10,0,0,0,0,10,10,1
SW GIRLS HOSTEL JUPADU BUNGALOW,NANDYAL,0911-2402-005,755,29,0,3,0,0,26,29,19
SW GIRLS HOSTEL PAMULAPADU,NANDYAL,0905-2402-007,755,10,0,0,0,0,10,10,0
"APTWRS(G),VISSANNAPETA",NTR,28161400933,749,20,0,0,0,0,20,20,0
Dr. B. R. Ambedkar Gurukulam School Muppalla,NTR,28160500708,749,350,5,2,5,22,310,344,89
"Dr. B. R. Ambedkar Gurukulam,NARSAPURAM",NTR,28161400921,749,60,0,0,0,0,60,60,10
"Dr. B. R. Ambedkar Gurukulam/JC,JAGGAIAHPETA",NTR,28160190223,749,30,0,0,0,0,30,30,1
"Dr. B. R. Ambedkar Gurukulam/JC,KRISHNARAOPALEM",NTR,28161101116,749,60,0,1,0,3,56,60,21
"Dr. B. R. Ambedkar Gurukulam/JC,KUNTAMUKKALA",NTR,28160900919,749,120,0,1,3,7,109,120,20
"Dr. B. R. Ambedkar Gurukulam/JC,TIRUVURU",NTR,28161300810,749,70,0,0,0,0,65,65,37
GOVT SW IWHC (BOYS )GAMPALAGUDEM,NTR,0514-2402-004,749,20,0,0,0,12,8,20,0
GTW ASHRAM SCHOOL(BOYS) A.KONDURU,NTR,0514-2403-001,749,10,0,0,0,0,10,10,0
"S.W.B.H., VATSAVAI",NTR,0507-2402-003,749,10,0,0,1,1,1,3,10
"S.W.G.H., KASTURIBAIPETA, VIJAYAWADA",NTR,0516-2402-011,749,20,1,0,0,1,18,20,1
SWR GOVT. DEGREE COLLEGE (G) KANCHIKACHERLA,NTR,swrgdc_kanchi,749,10,0,0,0,0,9,9,10
APRDC  NAGARJUNA SAGAR,PALNADU,52,751,10,0,0,0,0,10,10,0
APRJC  NAGARJUNA SAGAR,PALNADU,28170100225,751,20,0,0,0,2,18,20,0
APRS CHILALURIPETA,PALNADU,28174590252,751,9,0,0,0,0,9,9,0
"Dr. B. R. Ambedkar Gurukulam,GURAJALA",PALNADU,28170300850,751,20,0,0,0,1,19,20,0
"Dr. B. R. Ambedkar Gurukulam/JC,AMARAVATHI",PALNADU,28170901014,751,208,3,1,5,12,185,206,55
"Dr. B. R. Ambedkar Gurukulam/JC,ATCHAMPETA",PALNADU,28170700809,751,366,1,2,3,18,341,365,13
"Dr. B. R. Ambedkar Gurukulam/JC,KAREMPUDI",PALNADU,28171801009,751,78,0,0,0,0,78,78,22
"Dr. B. R. Ambedkar Gurukulam/JC,RAMAKRISHNAPURAM",PALNADU,28171501406,751,41,0,0,0,11,30,41,0
"Dr. B. R. Ambedkar Gurukulam/JC,UPPALAPADU AT NS PROJECT NUZENDLA",PALNADU,28174401105,751,191,1,1,16,14,159,191,13
"Dr. B. R. Ambedkar Gurukulam/JC,V P SOUTH (Macherla)",PALNADU,28170100210,751,328,24,10,21,52,205,312,89
GOVT B.C.COLLEGE BOYS HOSTEL  CHILAKALURIPET,PALNADU,0603-2503-004,751,10,0,0,0,0,10,10,0
"GOVT.B.C.COLLEGE BOYS HOSTEL ,NARASARAOPET",PALNADU,0610-2503-006,751,9,0,0,0,0,9,9,0
KGBV ATCHAMPET,PALNADU,28170700812,751,20,0,0,0,4,16,20,1
New Nabard School Sattenapalli,PALNADU,nabard004,751,10,0,0,0,0,10,10,0
New Nabard School Yedlapadu,PALNADU,nabard003,751,40,0,0,0,1,39,40,14
"APTWRJC(B),P.KONAVALASA",PARVATHIPURAM MANYAM,28121200706,743,53,6,19,15,3,10,53,12
"APTWRJC(G),BHADRAGIRI",PARVATHIPURAM MANYAM,28120207612,743,10,0,0,0,7,3,10,0
"APTWRS(B),BHADRAGIRI",PARVATHIPURAM MANYAM,28120207506,743,10,0,0,0,0,10,10,0
"Dr. B. R. Ambedkar Gurukulam,Parvathipuram Jr College",PARVATHIPURAM MANYAM,28120802104,743,468,12,3,23,61,367,466,23
"Dr. B. R. Ambedkar Gurukulam/JC,BHAMINI (DPIP)",PARVATHIPURAM MANYAM,28111401509,743,10,0,0,0,0,10,10,0
"Dr. B. R. Ambedkar Gurukulam/JC,GURUGUBILLI (DPIP)",PARVATHIPURAM MANYAM,28120502805,743,3849,12,6,65,175,3586,3844,62
"Dr. B. R. Ambedkar Gurukulam/JC,KOMARADA (DPIP)",PARVATHIPURAM MANYAM,28120105410,743,854,12,9,31,204,589,845,134
"Dr. B. R. Ambedkar Gurukulam/JC,SALURU",PARVATHIPURAM MANYAM,28121191048,743,30,0,0,0,0,30,30,0
"EMRS(CO-EDU),KURUPAM",PARVATHIPURAM MANYAM,28120305828,743,10,0,1,0,0,9,10,2
GTW ASHRAM SCHOOL(BOYS) PARVATHIPURAM,PARVATHIPURAM MANYAM,2209-2403-014,743,10,0,0,0,0,10,10,0
GTW PM HOSTEL(BOYS) G.L.PURAM,PARVATHIPURAM MANYAM,2207-2403-042,743,9,0,0,0,0,9,9,0
GTW PM HOSTEL(GIRLS) G.L.PURAM,PARVATHIPURAM MANYAM,2207-2403-041,743,10,0,0,0,0,10,10,0
GTW ASHRAM SCHOOL(BOYS) RAJAVOMMANGI,POLAVARAM,0302-2403-027,791,10,0,0,0,0,10,10,0
APRS AMMANABROLU,PRAKASAM,28184500810,517,10,0,0,0,0,10,10,10
APRS SANTHANUTALAPAD,PRAKASAM,28184300713,517,30,0,0,0,0,30,30,10
"APTWRS(B),CHIMAKURTHY",PRAKASAM,28182901249,517,75,0,0,1,14,57,72,9
"Dr. B. R. Ambedkar Gurukulam,KONDEPI",PRAKASAM,28184201608,517,955,9,9,12,81,835,946,214
"Dr. B. R. Ambedkar Gurukulam,RACHERLA",PRAKASAM,28183501014,517,1916,4,3,7,36,1860,1910,147
"Dr. B. R. Ambedkar Gurukulam/JC,ARDHAVEEDU",PRAKASAM,28180800910,517,210,1,8,2,5,194,210,18
"Dr. B. R. Ambedkar Gurukulam/JC,CHIMAKURTHY",PRAKASAM,28182901214,517,3091,30,18,36,129,2871,3084,424
"Dr. B. R. Ambedkar Gurukulam/JC,CUMBUM",PRAKASAM,28183400916,517,3877,5,8,16,129,3716,3874,70
"Dr. B. R. Ambedkar Gurukulam/JC,DARSI",PRAKASAM,28181301119,517,174,1,1,1,0,169,172,19
"Dr. B. R. Ambedkar Gurukulam/JC,DUPADU",PRAKASAM,28180301510,517,700,4,2,10,38,646,700,53
"Dr. B. R. Ambedkar Gurukulam/JC,MARKAPUR (BCRS)",PRAKASAM,28180900709,517,70,0,0,0,0,70,70,2
"Dr. B. R. Ambedkar Gurukulam/JC,SINGARAYAKONDA",PRAKASAM,28185690704,517,748,27,12,31,88,586,744,90
"Dr. B. R. Ambedkar Gurukulam/JC,VELUGONDA",PRAKASAM,28181101305,517,130,0,0,0,1,128,129,11
"GOVT SW  BOYS HOSTEL-I, DONAKONDA",PRAKASAM,0705-2402-005,517,10,0,0,0,0,10,10,0
"GOVT SW BOYS HOSTEL, MADDIPADU",PRAKASAM,0701-2402-019,517,10,0,0,0,0,10,10,0
"GOVT SW BOYS HOSTEL-II, DARSI",PRAKASAM,0705-2402-002,517,10,0,0,1,0,9,10,0
GOVT SW COLLEGE BOYS HOSTEL -II ONGOLE,PRAKASAM,0701-2402-047,517,10,0,0,0,0,10,10,0
"GOVT SW COLLEGE BOYS HOSTEL, KANDUKUR",PRAKASAM,0707-2402-020,517,10,0,0,0,0,10,10,0
"GOVT SW COLLEGE GIRLS HOSTEL-II, ONGOLE",PRAKASAM,0701-2402-048,517,9,0,0,0,0,8,8,1
"GOVT SW COLLEGE GIRLS HOSTEL-III, ONGOLE",PRAKASAM,0701-2402-049,517,41,4,1,2,1,32,40,4
"GOVT SW GIRLS HOSTEL, CHIMAKURTHY",PRAKASAM,0701-2402-018,517,40,0,0,0,4,36,40,0
KGBV TALLURU,PRAKASAM,28181500516,517,18,0,0,0,0,18,18,0
KGBV ULAVAPADU,PRAKASAM,28185500427,517,10,0,0,0,0,10,10,0
KGBV. KBITRAGUNTA,PRAKASAM,28184902010,517,6,0,1,0,0,5,6,3
New Nabard School Kurichedu,PRAKASAM,nabard005,517,127,1,2,1,20,98,122,21
"APBCWRS ,GOLAGAMUDI",SPSR NELLORE,28193000910,515,10,0,0,0,1,9,10,0
"APTWRS(B),GUDURUatCHENNURU",SPSR NELLORE,28193290191,515,19,0,0,0,0,19,19,0
"APTWRS(B),KODAVALURU",SPSR NELLORE,28191701114,515,10,2,0,0,0,8,10,2
"APTWRS(G),KOTA",SPSR NELLORE,28193901242,515,10,0,1,0,4,5,10,1
"APTWRS(G),RAPUR",SPSR NELLORE,28192303148,515,10,0,0,0,0,10,10,0
"Dr. B. R. Ambedkar Gurukulam,ADURUPALLI",SPSR NELLORE,28192001408,515,1567,2,30,1,62,1458,1553,144
"Dr. B. R. Ambedkar Gurukulam,BOGOLE",SPSR NELLORE,28190600427,515,49,2,0,1,8,38,49,14
"Dr. B. R. Ambedkar Gurukulam,BUTCHIREDDIPALEM (BCRS)",SPSR NELLORE,28191800240,515,1455,16,20,42,289,1051,1418,357
"Dr. B. R. Ambedkar Gurukulam/JC,MUTHUKUR",SPSR NELLORE,28192901314,515,129,0,3,9,26,91,129,3
"Dr. B. R. Ambedkar Gurukulam/JC,PEDAPAVANI",SPSR NELLORE,28185302012,515,30,0,0,1,1,25,27,10
"Dr. B. R. Ambedkar Gurukulam/JC,RAPUR",SPSR NELLORE,28192301404,515,119,6,1,9,12,89,117,10
"Dr. B. R. Ambedkar Gurukulam/JC,SANGAM",SPSR NELLORE,28191901212,515,192,8,1,6,51,117,183,62
"Dr. B. R. Ambedkar Gurukulam/JC,SARVEPALLI AT KODURU",SPSR NELLORE,28192801606,515,431,16,4,12,81,314,427,187
"EMRS(CO-EDU),KODAVALURU",SPSR NELLORE,28191701107,515,20,0,0,2,5,13,20,1
"GOVT B.C GIRLS HOSTEL,GUDUR",SPSR NELLORE,0803-2503-010,515,18,0,0,0,8,10,18,1
"GOVT. B.C. BOYS HOSTEL NO. 1, M.M. PURAM",SPSR NELLORE,0812-2503-005,515,16,0,0,0,0,16,16,0
"GOVT. B.C. COLLEGE GIRLS HOSTEL, ATMAKUR",SPSR NELLORE,0804-2503-001,515,10,0,0,0,7,3,10,10
"GOVT. B.C. GIRLS HOSTEL, PODALAKUR",SPSR NELLORE,0812-2503-008,515,9,0,1,0,0,8,9,3
"GOVT.B.C.BOYS HOSTEL,GUDUR",SPSR NELLORE,0803-2503-008,515,19,0,0,0,0,19,19,1
GTW ASHRAM SCHOOL(GIRLS) GOLAGAMUDI,SPSR NELLORE,0801-0308-009,515,9,0,0,1,5,3,9,0
GTW PM COLLEGE HOSTEL(BOYS) NELLORE,SPSR NELLORE,0801-2403-015,515,10,0,0,0,0,10,10,0
GTW PM COLLEGE HOSTEL(GIRLS) GUDUR,SPSR NELLORE,0803-2403-014,515,19,0,0,0,0,19,19,0
"IWBHC, RAPUR",SPSR NELLORE,0814-2402-029,515,6,0,0,0,0,6,6,0
K.G.B.V.SCHOOL KAVALI,SPSR NELLORE,28190501036,515,10,0,0,1,4,5,10,0
KGBV KALIGIRI,SPSR NELLORE,28190700622,515,30,0,0,0,0,30,30,0
"MJBCWREIS, Kota",SPSR NELLORE,28193901220,515,50,1,0,15,11,23,50,1
MJPAPBCWRGudur,SPSR NELLORE,28193201409,515,29,0,0,2,12,15,29,0
SW COLLEGE BOYS HOSTEL ATMAKUR,SPSR NELLORE,0804-2402-018,515,10,0,0,3,3,4,10,0
"SWBH, REVURU",SPSR NELLORE,0804-2402-014,515,10,0,0,0,0,10,10,0
"SWBH.NO.1, NELLORE",SPSR NELLORE,0801-2402-003,515,10,0,0,2,6,2,10,0
"SWBH.NO.3, KAVALI",SPSR NELLORE,0805-2402-003,515,10,0,0,0,0,10,10,0
"SWGH, CHITTEDU",SPSR NELLORE,0816-2402-020,515,10,0,0,0,2,8,10,0
"SWGH, DACHURU AT PODALAKUR",SPSR NELLORE,0812-2402-018,515,8,0,0,0,0,8,8,0
"SWGH, RAPURU",SPSR NELLORE,0814-2402-011,515,10,0,0,0,0,10,10,0
"SWGH. No.1, NELLORE",SPSR NELLORE,0801-2402-012,515,19,0,0,0,10,9,19,0
"SWGH.NO.1, KOTA",SPSR NELLORE,0816-2402-021,515,10,0,0,0,0,10,10,2
"SWGH.NO.1, MANUBOLU",SPSR NELLORE,0803-2402-021,515,27,0,0,1,8,18,27,1
"SWGH.NO.2, KOVUR",SPSR NELLORE,0806-2402-034,515,10,0,0,0,7,3,10,0
"APBCWRS ,LEPAKSHI",SRI SATHYA SAI,28225600316,754,40,0,0,3,5,30,38,6
"APBCWRS ,NASANNAKOTA",SRI SATHYA SAI,28223500513,754,10,0,0,0,0,10,10,0
"APBCWRS ,PERURU",SRI SATHYA SAI,28223500114,754,40,0,1,0,29,10,40,21
"APBCWRS ,TEKLODU",SRI SATHYA SAI,28225501305,754,10,0,0,0,0,10,10,0
APRJC  KODIGENAHALLI,SRI SATHYA SAI,28225801420,754,20,0,0,0,0,20,20,0
APRS KODIGENHALLI,SRI SATHYA SAI,28225801413,754,30,0,0,0,2,27,29,5
"APTWRS(G),GORANTLA",SRI SATHYA SAI,28224801952,754,10,0,0,0,4,6,10,0
"APTWRS(G),KADIRI",SRI SATHYA SAI,28224490736,754,9,0,0,0,0,9,9,0
"Dr. B. R. Ambedkar Gurukulam JUNIOR COLLEGE, AMARAPURAM",SRI SATHYA SAI,28226100323,754,2621,12,7,22,645,1918,2604,81
"Dr. B. R. Ambedkar Gurukulam,NALLAMADA",SRI SATHYA SAI,28224700520,754,1794,9,11,44,189,1516,1769,103
"Dr. B. R. Ambedkar Gurukulam/JC,HINDUPUR (DPIP)",SRI SATHYA SAI,28225790591,754,1007,19,19,52,114,784,988,214
"Dr. B. R. Ambedkar Gurukulam/JC,KALASAMUDRAM",SRI SATHYA SAI,28224400203,754,318,5,0,3,53,256,317,50
"Dr. B. R. Ambedkar Gurukulam/JC,MALUGURU",SRI SATHYA SAI,28225700208,754,457,3,4,11,64,374,456,32
GOVT B.C BOYS HOSTEL KANAGANPALLI,SRI SATHYA SAI,1003-2503-005,754,39,2,0,0,2,35,39,0
GOVT B.C COLLEGE BOYS HOSTEL DHARMAVARAM,SRI SATHYA SAI,1003-2503-010,754,10,0,0,0,0,10,10,0
GOVT B.C GIRLS HOSTEL KADIRI,SRI SATHYA SAI,1007-2503-018,754,10,0,0,0,0,10,10,0
GOVT B.C GIRLS HOSTEL MADAKASIRA,SRI SATHYA SAI,1012-2503-001,754,10,0,0,0,1,9,10,0
GTW ASHRAM SCHOOL(BOYS) NALLAMADA,SRI SATHYA SAI,1018-2403-003,754,20,0,0,0,0,20,20,0
"Govt SW Girls Hostel, Amarapuram",SRI SATHYA SAI,1012-2402-007,754,7,0,0,0,0,7,7,0
"Govt SW Girls Hostel, CK Palli",SRI SATHYA SAI,1003-2402-006,754,11,6,0,0,0,5,11,0
"Govt. SW Boys Hostel, Chennekothapalli",SRI SATHYA SAI,1003-2402-005,754,10,0,0,0,0,10,10,0
KGBV  N P IKUNTA,SRI SATHYA SAI,28224000412,754,20,0,0,0,1,19,20,0
KGBV  TALUPULA,SRI SATHYA SAI,28223900526,754,10,0,0,0,0,10,10,0
KGBV  TANAKAL,SRI SATHYA SAI,28224100329,754,10,0,0,0,0,10,10,0
KGBV AMADAGUR,SRI SATHYA SAI,28224500617,754,20,0,0,0,0,20,20,0
KGBV AMARAPURAM,SRI SATHYA SAI,28226100321,754,10,0,0,0,1,9,10,0
KGBV BATHALAPALLE,SRI SATHYA SAI,28223100417,754,10,0,0,0,0,10,10,0
KGBV GUDIBANDA,SRI SATHYA SAI,28226000617,754,10,0,0,0,3,7,10,0
KGBV MUDIGUBBA ST,SRI SATHYA SAI,28223801523,754,10,0,0,0,2,8,10,0
KGBV OBULADEVARACHERUVU,SRI SATHYA SAI,28224600415,754,10,0,0,0,0,10,10,0
KGBV PARIGI,SRI SATHYA SAI,28225800922,754,10,0,0,0,9,1,10,0
KGBV ROLLA,SRI SATHYA SAI,28226300332,754,10,2,0,3,3,2,10,0
KGBV SIVANAGAR DMM,SRI SATHYA SAI,28223790296,754,20,0,0,0,0,20,20,0
"MJBCWREIS, Regatapalli",SRI SATHYA SAI,28223700809,754,20,0,0,1,8,11,20,0
"MJBCWREIS, Roddam",SRI SATHYA SAI,28225301128,754,10,0,0,0,0,10,10,0
"MJBCWREIS,Gudibanda Ananthapuramu",SRI SATHYA SAI,28226000622,754,40,0,0,0,11,29,40,0
"MJBCWREIS,Gundumala(B), Ananthapuramu",SRI SATHYA SAI,28225900925,754,10,0,0,0,0,10,10,0
New Nabard School Hindupur,SRI SATHYA SAI,nabard007,754,686,2,5,5,47,627,686,21
New Nabard School Rolla,SRI SATHYA SAI,nabard008,754,1905,8,17,106,479,1293,1903,57
"Dr. B. R. Ambedkar Gurukulam/JC,DUPPALAVALASA",SRIKAKULAM,28110801002,519,10,0,0,0,1,2,3,9
"Dr. B. R. Ambedkar Gurukulam/JC,ETCHERLA",SRIKAKULAM,28110801504,519,10,0,0,0,0,10,10,0
"Dr. B. R. Ambedkar Gurukulam/JC,KANCHILI",SRIKAKULAM,28113504305,519,20,1,0,2,2,15,20,1
"Dr. B. R. Ambedkar Gurukulam/JC,KOLLIVALASA",SRIKAKULAM,28111104302,519,10,0,0,0,0,10,10,0
"Dr. B. R. Ambedkar Gurukulam/JC,MANDASA (DPIP)",SRIKAKULAM,28113302811,519,17,0,0,0,3,14,17,9
"Dr. B. R. Ambedkar Gurukulam/JC,NANDIGAM",SRIKAKULAM,28113007808,519,31,0,1,0,4,22,27,15
"Dr. B. R. Ambedkar Gurukulam/JC,PATHAPATNAM (DPIP)",SRIKAKULAM,28112502213,519,507,17,17,26,122,310,492,109
GOVT COLLEGE BOYS HOSTEL (BC) - AMADALAVALASA,SRIKAKULAM,0102-2503-006,519,10,0,0,0,0,10,10,0
APRS CHELAMANCHENU,TIRUPATI,28193702205,752,125,0,0,2,0,121,123,13
APRS MUKKAVARI PALLI,TIRUPATI,28204400910,752,10,0,0,0,2,8,10,0
APRS VENKATAGIRI,TIRUPATI,28193504210,752,20,0,0,0,3,17,20,0
"APTWRS(B),RENIGUNTA",TIRUPATI,28231201902,752,24,1,0,0,8,15,24,1
"APTWRS(B),SRIKALAHASTHI",TIRUPATI,28231491120,752,20,0,0,0,0,20,20,0
"APTWURJC(G),SRIKALAHASTHI",TIRUPATI,28231491164,752,10,0,1,7,2,0,10,0
"Dr. B. R. Ambedkar Gurukulam/JC,CHILLAKUR",TIRUPATI,28193800106,752,3038,10,33,318,1007,1647,3015,91
"Dr. B. R. Ambedkar Gurukulam/JC,DAKKILI",TIRUPATI,28193401405,752,3485,72,29,117,289,2932,3439,456
"Dr. B. R. Ambedkar Gurukulam/JC,KOTA",TIRUPATI,28193901221,752,506,3,1,6,17,435,462,46
"Dr. B. R. Ambedkar Gurukulam/JC,NAIDUPET",TIRUPATI,28194202230,752,361,6,11,1,29,313,360,23
"Dr. B. R. Ambedkar Gurukulam/JC,PUDURU AT NAIDUPET",TIRUPATI,28194202507,752,2333,15,28,104,156,2022,2325,150
"Dr. B. R. Ambedkar Gurukulam/JC,PUTTUR (DPIP)",TIRUPATI,28234400411,752,148,11,3,1,10,123,148,12
"Dr. B. R. Ambedkar Gurukulam/JC,SATHIVEDU (DPIP)",TIRUPATI,28231801915,752,2300,4,2,7,26,2257,2296,90
"Dr. B. R. Ambedkar Gurukulam/JC,SRIKALAHASTI",TIRUPATI,28231491163,752,1284,19,14,19,128,1086,1266,231
"Dr. B. R. Ambedkar Gurukulam/JC,SULURUPET",TIRUPATI,28194501324,752,3445,22,18,28,104,3262,3434,188
"Dr. B. R. Ambedkar Gurukulam/JC,VAKADU",TIRUPATI,28194002613,752,3084,4,8,29,580,2461,3082,49
"EMRS(CO-EDU),B.N.KHANDRIGA",TIRUPATI,28231601515,752,20,0,0,0,8,12,20,0
"EMRS(CO-EDU),OJILI",TIRUPATI,28193703508,752,10,0,0,0,0,10,10,1
"GOVT B.C BOYS HOSTEL,ATTIVARAM",TIRUPATI,0803-2503-022,752,10,0,1,0,2,7,10,0
GOVT SW COLLEGE HOSTEL FOR GIRLS NO. 1 TIRUPATHI,TIRUPATI,1116-2402-013,752,20,0,0,0,0,20,20,0
GOVT [BC] BOYS HOSTEL -  B.N.KANDRIGA,TIRUPATI,1117-2503-001,752,10,0,0,0,3,3,6,10
GOVT [BC] BOYS HOSTEL -  SATHYAVEDU,TIRUPATI,1113-2503-001,752,10,1,0,0,1,8,10,0
GOVT [BC] COLLEGE GIRLS HOSTEL - SRIKALAHASTI,TIRUPATI,1114-2503-004,752,10,0,0,0,0,10,10,0
GOVT [BC] GIRLS HOSTEL -  SATHYAVEDU,TIRUPATI,1113-2503-003,752,9,0,0,0,0,9,9,0
GOVT [SW] BOYS HOSTEL - B.N.KANDRIGA [SPL],TIRUPATI,1117-2402-006,752,10,0,0,0,0,10,10,0
GOVT [SW] BOYS HOSTEL - NAGALAPURAM,TIRUPATI,1113-2402-003,752,20,0,0,0,0,20,20,0
GOVT [SW] BOYS HOSTEL - PALAMANGALAM [SPL],TIRUPATI,1112-2402-013,752,19,0,0,0,0,19,19,0
GOVT [SW] BOYS HOSTEL - PALLAM,TIRUPATI,1114-2402-008,752,10,0,0,0,2,8,10,10
GOVT [SW] BOYS HOSTEL - SANTHAVELLORE,TIRUPATI,1113-2402-007,752,20,0,0,0,0,20,20,0
GOVT [SW] BOYS HOSTEL - VARADAIAHPALEM [SPL],TIRUPATI,1113-2402-008,752,10,0,0,0,0,10,10,0
GOVT [SW] BOYS IWHC - TIRUPATI  [SPL],TIRUPATI,1116-2402-009,752,19,0,0,0,0,19,19,3
GOVT [SW] GIRLS HOSTEL NO.1 - SRIKALAHASTI [SPL],TIRUPATI,1114-2402-002,752,7,0,1,0,3,3,7,2
GOVT [SW] GIRLS HOSTEL NO.2 - SRIKALAHASTI,TIRUPATI,1114-2402-003,752,10,0,0,0,0,10,10,0
"GOVT. B.C. BOYS HOSTEL, DAKKILI",TIRUPATI,0810-2503-004,752,10,0,0,0,0,10,10,0
"GOVT. B.C. GIRLS HOSTEL, SULLURPET",TIRUPATI,0808-2503-004,752,10,0,0,0,0,10,10,0
"GOVT.B.C.BOYS HOSTEL, CHITTAMURU",TIRUPATI,0816-2503-002,752,10,0,0,0,0,10,10,0
"GOVT.INTEGRATED WELFARE BOYS HOSTEL COMPLEX, CHITVEl",TIRUPATI,1210-2402-005,752,21,0,1,1,18,1,21,0
GTW PM HOSTEL(BOYS) TIRUPATHI,TIRUPATI,1116-2403-004,752,10,0,0,0,4,6,10,0
GTW PM HOSTEL(GIRLS) TIRUPATHI,TIRUPATI,1116-2403-005,752,10,0,0,1,6,3,10,0
KGBV DORAVARISATRAM,TIRUPATI,28194401713,752,24,0,0,0,2,22,24,0
KGBV PULLAMPET,TIRUPATI,28204500619,752,10,0,0,0,1,9,10,0
KGBV TADA,TIRUPATI,28194601605,752,31,3,3,1,2,22,31,5
KGBV VENKATAGIRI,TIRUPATI,28193590532,752,10,0,0,0,2,8,10,1
"MJBCWREIS, Doravarisatram",TIRUPATI,28194401709,752,95,0,1,4,1,89,95,11
"MJBCWREIS, Ithepally",TIRUPATI,28232802005,752,49,0,0,0,4,36,40,17
"MJBCWREIS, Satyaveedu(Fishermem)",TIRUPATI,28231802003,752,49,0,0,0,1,48,49,2
MJPAPBCWR  Venkatagiri(B),TIRUPATI,28193590556,752,10,0,0,0,0,10,10,0
"SW ANANDANILAYAM (BOYS), VENKATAGIRI",TIRUPATI,0810-2402-012,752,10,0,0,0,0,10,10,0
"SWBH, SULLURPET",TIRUPATI,0808-2402-009,752,10,0,0,0,1,9,10,0
"SWBH.NO.1, NAIDUPETA",TIRUPATI,0813-2402-004,752,10,0,0,0,0,10,10,0
"SWBH.NO.2, VENKATAGIRI",TIRUPATI,0810-2402-003,752,19,1,0,0,2,16,19,0
"SWBH.NO.3, VENKATAGIRI",TIRUPATI,0810-2402-004,752,8,0,0,0,6,2,8,7
SWGH. YEKOLLU AT D.V.SATRAM,TIRUPATI,0808-2402-014,752,10,0,0,0,0,10,10,0
"SWGH.NO.1, NAIDUPETA",TIRUPATI,0813-2402-011,752,20,0,0,0,0,20,20,0
"SWGH.NO.2,  NAIDUPETA",TIRUPATI,0813-2402-010,752,76,0,0,0,4,71,75,45
"Dr. B. R. Ambedkar Gurukulam/JC,MEGADRIGADDA",VISAKHAPATANAM,28132890945,520,31,2,3,9,2,15,31,2
"Dr. B. R. Ambedkar Gurukulam/JC,SCH_EXCL_VISAKHAPATNAM",VISAKHAPATANAM,28132800334,520,79,0,0,2,3,74,79,14
GTW PM COLLEGE HOSTEL(BOYS) KAPARADA VISAKHAPATNAM-1,VISAKHAPATANAM,0201-2403-009,520,29,1,5,7,13,3,29,7
GTW PM COLLEGE HOSTEL(BOYS) VISAKHAPATNAM-3,VISAKHAPATANAM,0201-2403-013,520,10,0,0,0,8,2,10,0
Govt.B.C.College Girls Hostel Visakhapatnam (SOUTH),VISAKHAPATANAM,0201-2501-016,520,10,0,0,0,0,10,10,0
SW COLLEGE  BOYS  HOSTEL NO1 Marripalem Madhurawada,VISAKHAPATANAM,0201-2402-023,520,11,4,3,1,2,1,11,0
SW COLLEGE  BOYS  HOSTEL NO3 Chinagadili,VISAKHAPATANAM,0201-2402-024,520,20,0,0,0,17,3,20,0
SW COLLEGE BOYS HOSTEL MADHURAWADA,VISAKHAPATANAM,0201-2402-026,520,10,0,0,0,1,9,10,0
"Dr. B. R. Ambedkar Gurukulam/JC,BADANGI",VIZIANAGARAM,28121401607,521,278,1,0,3,30,243,277,3
"Dr. B. R. Ambedkar Gurukulam/JC,CHEEPURAPALLI",VIZIANAGARAM,28122300218,521,560,8,5,39,96,402,550,103
"Dr. B. R. Ambedkar Gurukulam/JC,KOPPERLA",VIZIANAGARAM,28122503104,521,20,0,0,0,0,20,20,0
"Dr. B. R. Ambedkar Gurukulam/JC,NELLIMARLA",VIZIANAGARAM,28122490817,521,30,0,0,0,7,23,30,1
"Dr. B. R. Ambedkar Gurukulam/JC,PALKONDA",VIZIANAGARAM,28111202520,521,177,0,0,1,20,156,177,9
"Dr. B. R. Ambedkar Gurukulam/JC,VANGARA (DPIP)",VIZIANAGARAM,28110202102,521,551,2,1,3,0,541,547,12
"Dr. B. R. Ambedkar Gurukulam/JC,VEPADA (DPIP)",VIZIANAGARAM,28123101007,521,10,0,0,0,1,9,10,0
"Dr. B. R. Ambedkar Gurukulam/JC,VIYAMPET (DPIP)",VIZIANAGARAM,28123401510,521,30,0,0,0,2,28,30,14
"GOVT BC COLLEGE GIRLS HOSTEL, CHEEPURUPALLI",VIZIANAGARAM,2204-2501-004,521,10,1,0,0,1,8,10,2
GOVT BOYS HOSTEL (BC) - M.S.R PURAM,VIZIANAGARAM,0107-2503-006,521,9,0,0,0,0,9,9,0
"Govt.SW College Boys Hostel, Bobbili",VIZIANAGARAM,2203-2402-009,521,10,0,0,0,0,10,10,0
KGBV M M DAM,VIZIANAGARAM,28121601207,521,22,21,0,0,0,1,22,1
KGBV SANTHAKAVITY,VIZIANAGARAM,28111001804,521,10,0,0,0,0,10,10,0
KGBVTERLAM,VIZIANAGARAM,28121502410,521,10,0,0,5,3,2,10,0
"MJPAPBCWR School (boys), KARADA, BOBBILI, VZM",VIZIANAGARAM,28121000903,521,10,0,0,0,0,10,10,0
"Dr. B. R. Ambedkar Gurukulam,ACHANTA",WEST GODAVARI,28154000853,523,30,0,0,0,2,28,30,0
"Dr. B. R. Ambedkar Gurukulam/JC,ARUGOLANU",WEST GODAVARI,28151801509,523,101,3,4,10,16,68,101,2
"Dr. B. R. Ambedkar Gurukulam/JC,NARSAPUR",WEST GODAVARI,28154501311,523,100,0,0,1,11,86,98,14
"MJBCWREIS, Tadepalligudem",WEST GODAVARI,28151800606,523,10,0,0,0,0,10,10,0
New Nabard School Arugolanu At Peda Tadepalli,WEST GODAVARI,nabard002,523,1381,1,2,2,43,1332,1380,12
"SW BOYS HOSTEL, PARIMELLA",WEST GODAVARI,0414-2402-015,523,10,0,0,0,0,9,9,2
APRS MYLAVARAM,Y.S.R.,28200202406,504,10,0,0,0,2,8,10,0
"APTWRS(B),PULIVENDULA",Y.S.R.,28202001494,504,10,0,0,0,0,10,10,2
"APTWRS(B),T.SUNDUPALLI",Y.S.R.,28204600252,504,10,0,0,0,0,10,10,0
"DR.B.R.AMBEDKAR GURUKULAM SCHOOL/JR.COLLEGE FOR GIRLS, RAJUPALEM AT VELLALA,YSR.DISTRICT.",Y.S.R.,28200401207,504,329,4,2,9,54,253,322,96
"Dr. B. R. Ambedkar Gurukulam,GUNDLAKUNTA",Y.S.R.,28201600309,504,188,11,2,1,3,164,181,29
"Dr. B. R. Ambedkar Gurukulam/JC,B MATTAM",Y.S.R.,28200700616,504,345,2,2,21,92,219,336,71
"Dr. B. R. Ambedkar Gurukulam/JC,CHINNACHOWK",Y.S.R.,28203190346,504,779,20,20,44,159,512,755,161
"Dr. B. R. Ambedkar Gurukulam/JC,GANDIKSHETRAM",Y.S.R.,28203501002,504,30,0,0,0,5,23,28,2
"Dr. B. R. Ambedkar Gurukulam/JC,KAMALAPURAM",Y.S.R.,28202500523,504,311,10,7,29,80,182,308,63
"Dr. B. R. Ambedkar Gurukulam/JC,KONDAPURAM",Y.S.R.,28200102414,504,902,8,0,5,53,830,896,40
"Dr. B. R. Ambedkar Gurukulam/JC,MADAKALAVARIPALLI AT TGP CAMP BADDVEL",Y.S.R.,28201200446,504,447,10,4,8,27,394,443,42
"Dr. B. R. Ambedkar Gurukulam/JC,PULIVENDULA",Y.S.R.,28202001463,504,785,2,1,1,25,756,785,21
"Dr. B. R. Ambedkar Gurukulam/JC,SCH_EXCL_PULIVENDULA",Y.S.R.,28201901503,504,149,3,0,8,19,118,148,28
"Dr. B. R. Ambedkar Gurukulam/JC,THONDURU",Y.S.R.,28202200306,504,131,6,0,2,0,123,131,84
GOVT B C COLLEGE GIRLS HOSTEL MYDUKUR,Y.S.R.,1214-2503-010,504,20,1,0,0,6,12,19,10
"GOVT SW COLLEGE BOYS HOSTEL ,C K DINNE",Y.S.R.,1201-2402-028,504,10,0,0,0,0,10,10,0
GOVT SW COLLEGE BOYS HOSTEL JAMMALAMADUGU,Y.S.R.,1204-2402-010,504,10,0,0,0,0,10,10,0
GOVT SW COLLEGE GIRLS HOSTEL C K DINNE,Y.S.R.,1201-2402-027,504,9,0,0,0,0,9,9,0
GOVT SW COLLEGE GIRLS HOSTEL PRODDATURU,Y.S.R.,1208-2402-019,504,10,0,1,0,0,9,10,1
GOVT. B. C GIRLS (IWHC) RAJAMPETA,Y.S.R.,1211-2503-010,504,10,0,0,0,0,10,10,1
"GOVT. B.C. BOYS HOSTEL, NALLAPUREDDIPALLI",Y.S.R.,1209-2503-004,504,10,0,0,0,1,9,10,0
"GOVT. B.C. GIRLS HOSTEL, SARASWATHIPURAM",Y.S.R.,1213-2503-009,504,10,0,0,0,5,5,10,1
"GOVT.S.W.BOYS HOSTEL NO.1, JAMMALAMADUGU",Y.S.R.,1204-2402-002,504,10,0,0,0,0,10,10,0
"GOVT.S.W.BOYS HOSTEL NO.2, PULIVENDULA",Y.S.R.,1209-2402-009,504,10,0,0,0,0,10,10,0
"GOVT.S.W.BOYS HOSTEL NO.2, V.N.PALLI",Y.S.R.,1205-2402-009,504,11,1,0,0,0,8,9,3
"GOVT.S.W.BOYS HOSTEL NO.3, PULIVENDULA",Y.S.R.,1209-2402-005,504,10,0,0,0,0,10,10,0
"GOVT.S.W.BOYS HOSTEL, IWHC, B. MATTAM, MYDUKUR",Y.S.R.,1214-2402-018,504,50,0,0,0,0,50,50,0
"GOVT.S.W.GIRLS HOSTEL NO.1, PRODDATUR",Y.S.R.,1208-2402-016,504,10,1,0,0,3,6,10,2
"GOVT.S.W.GIRLS HOSTEL, B.MATTAM",Y.S.R.,1214-2402-006,504,21,0,0,0,16,5,21,11
Govt SW COLLEGE BOYS HOSTEL Kadapa,Y.S.R.,1201-2402-025,504,10,0,0,0,1,9,10,0
KGBV CHENNA REDDY NAGAR,Y.S.R.,28204601311,504,10,0,0,0,0,10,10,0
KGBV KALASAPADU,Y.S.R.,28200901813,504,10,0,0,0,2,8,10,0
KGBV KHAJIPET,Y.S.R.,28201300733,504,10,0,0,1,6,3,10,8
KGBV PORUMAMILLA,Y.S.R.,28201001239,504,20,0,1,2,3,14,20,0
KGBVS VARIKUNTLA,Y.S.R.,28205102809,504,10,0,0,0,0,10,10,1
New Nabard School B. Matham,Y.S.R.,nabard006,504,80,2,2,4,29,41,78,9
